Task ID,Epic ID,Workstream Code,Workstream,Phase,Layer,Task Type,Title,Objective,Scope,Task Detail,Inputs,Outputs,Owner Role,Collaborators,Priority,Estimate (SP),Estimated Duration (Days),Dependencies,Acceptance Criteria,Test Plan,KPI/Success Metric,Primary Risk,Mitigation,Target Release,Status
FRI-PLAT-001,EPIC-RUL,RUL,Rules Engine Core,Phase-1 Foundations (Weeks 1-4),Platform,Product/Architecture Spec,Rules Engine Core — Product/Architecture Spec,Create a deterministic policy/rule runtime that gates all agent execution steps.,"Rule DSL, policy bundles, pre/post evaluation hooks, decision actions",Define product and technical contract for this workstream with edge cases and out-of-scope boundaries.,"Current Friday codebase, existing API/runtime contracts, platform vision constraints.","rules_engine module, policy YAML packs, evaluation APIs",Principal Engineer,Product Manager; QA Engineer; Security Engineer; DevOps Engineer,P0,3,1.5,none,"Architecture RFC, sequence diagrams, explicit NFRs approved.",Design review checklist passed; architecture doc lint + peer review complete.,Rule decision latency p95 < 20ms; policy violation false-positive rate < 2%; blocked unsafe actions = 100%.,Architecture drift after implementation.,Weekly design-review gate + ADR updates.,2026-Q2,Planned
FRI-PLAT-002,EPIC-RUL,RUL,Rules Engine Core,Phase-1 Foundations (Weeks 1-4),Platform,Domain Model and Data Contract,Rules Engine Core — Domain Model and Data Contract,Create a deterministic policy/rule runtime that gates all agent execution steps.,"Rule DSL, policy bundles, pre/post evaluation hooks, decision actions","Define canonical entities, schemas, and persistence layout with versioning strategy.","Current Friday codebase, existing API/runtime contracts, platform vision constraints.","rules_engine module, policy YAML packs, evaluation APIs",Backend Engineer (Data),Product Manager; QA Engineer; Security Engineer; DevOps Engineer,P0,5,2.5,FRI-PLAT-001,Schema package merged; migration plan approved; backward compatibility documented.,Schema contract tests and migration dry-run against snapshot DB.,Rule decision latency p95 < 20ms; policy violation false-positive rate < 2%; blocked unsafe actions = 100%.,Breaking schema evolution.,Introduce versioned schema and compatibility tests.,2026-Q2,Planned
FRI-PLAT-003,EPIC-RUL,RUL,Rules Engine Core,Phase-1 Foundations (Weeks 1-4),Platform,API and SDK Contract,Rules Engine Core — API and SDK Contract,Create a deterministic policy/rule runtime that gates all agent execution steps.,"Rule DSL, policy bundles, pre/post evaluation hooks, decision actions",Define external/internal APIs and SDK methods including error model and idempotency keys.,"Current Friday codebase, existing API/runtime contracts, platform vision constraints.","rules_engine module, policy YAML packs, evaluation APIs",Backend Engineer (API),Product Manager; QA Engineer; Security Engineer; DevOps Engineer,P0,5,2.5,FRI-PLAT-002,OpenAPI/TS types generated; standardized error codes and retry hints present.,Contract tests and SDK compile checks pass in CI.,Rule decision latency p95 < 20ms; policy violation false-positive rate < 2%; blocked unsafe actions = 100%.,Inconsistent API behavior across modules.,Contract-first generation + shared validator middleware.,2026-Q2,Planned
FRI-PLAT-004,EPIC-RUL,RUL,Rules Engine Core,Phase-2 Runtime Hardening (Weeks 5-8),Platform,Core Runtime Implementation,Rules Engine Core — Core Runtime Implementation,Create a deterministic policy/rule runtime that gates all agent execution steps.,"Rule DSL, policy bundles, pre/post evaluation hooks, decision actions",Build core runtime logic and integration with existing Friday modules.,"Current Friday codebase, existing API/runtime contracts, platform vision constraints.","rules_engine module, policy YAML packs, evaluation APIs",Backend Engineer (Runtime),Product Manager; QA Engineer; Security Engineer; DevOps Engineer,P0,8,4.0,FRI-PLAT-003,Core path implemented with deterministic state transitions and rollback safety.,Unit tests for state machine transitions and failure paths.,Rule decision latency p95 < 20ms; policy violation false-positive rate < 2%; blocked unsafe actions = 100%.,Runtime regressions under concurrency.,Feature flags + dark launch before default enable.,2026-Q2,Planned
FRI-PLAT-005,EPIC-RUL,RUL,Rules Engine Core,Phase-2 Runtime Hardening (Weeks 5-8),Platform,UI and Operator Controls,Rules Engine Core — UI and Operator Controls,Create a deterministic policy/rule runtime that gates all agent execution steps.,"Rule DSL, policy bundles, pre/post evaluation hooks, decision actions",Add operator-facing controls and views with beginner-friendly defaults and safe guardrails.,"Current Friday codebase, existing API/runtime contracts, platform vision constraints.","rules_engine module, policy YAML packs, evaluation APIs",Frontend Engineer (UX),Product Manager; QA Engineer; Security Engineer; DevOps Engineer,P1,5,2.5,FRI-PLAT-004,UI flow complete; unsupported actions hidden; inline help + defaults provided.,Component tests + accessibility smoke + UX script validation.,Rule decision latency p95 < 20ms; policy violation false-positive rate < 2%; blocked unsafe actions = 100%.,UI exposes unsafe operations.,Capability gating and policy-based button states.,2026-Q2,Planned
FRI-PLAT-006,EPIC-RUL,RUL,Rules Engine Core,Phase-3 Governance (Weeks 9-12),Platform,Security and Permission Model,Rules Engine Core — Security and Permission Model,Create a deterministic policy/rule runtime that gates all agent execution steps.,"Rule DSL, policy bundles, pre/post evaluation hooks, decision actions","Implement permission boundaries, secret handling, and policy enforcement for this stream.","Current Friday codebase, existing API/runtime contracts, platform vision constraints.","rules_engine module, policy YAML packs, evaluation APIs",Security Engineer,Product Manager; QA Engineer; Security Engineer; DevOps Engineer,P0,5,2.5,FRI-PLAT-005,Least-privilege model enforced; denied operations are explicit and audited.,RBAC matrix tests + penetration checklist + negative tests.,Rule decision latency p95 < 20ms; policy violation false-positive rate < 2%; blocked unsafe actions = 100%.,Privilege escalation or data leakage.,Deny-by-default policy and scoped credentials.,2026-Q2,Planned
FRI-PLAT-007,EPIC-RUL,RUL,Rules Engine Core,Phase-3 Governance (Weeks 9-12),Platform,"Migration, Backfill, and Compatibility","Rules Engine Core — Migration, Backfill, and Compatibility",Create a deterministic policy/rule runtime that gates all agent execution steps.,"Rule DSL, policy bundles, pre/post evaluation hooks, decision actions","Deliver migration scripts, data backfill logic, and compatibility window strategy.","Current Friday codebase, existing API/runtime contracts, platform vision constraints.","rules_engine module, policy YAML packs, evaluation APIs",Backend Engineer (Platform),Product Manager; QA Engineer; Security Engineer; DevOps Engineer,P1,5,2.5,FRI-PLAT-006,Zero-loss migration dry run; rollback path documented and tested.,Migration chain tests + rollback simulation in staging.,Rule decision latency p95 < 20ms; policy violation false-positive rate < 2%; blocked unsafe actions = 100%.,Data corruption during upgrade.,Transactional migration + checksums + backup gate.,2026-Q2,Planned
FRI-PLAT-008,EPIC-RUL,RUL,Rules Engine Core,Phase-4 Validation (Weeks 13-16),Platform,Automated Test Matrix,Rules Engine Core — Automated Test Matrix,Create a deterministic policy/rule runtime that gates all agent execution steps.,"Rule DSL, policy bundles, pre/post evaluation hooks, decision actions",Build comprehensive unit/integration/e2e suites for critical paths and edge cases.,"Current Friday codebase, existing API/runtime contracts, platform vision constraints.","rules_engine module, policy YAML packs, evaluation APIs",QA Automation Engineer,Product Manager; QA Engineer; Security Engineer; DevOps Engineer,P1,8,4.0,FRI-PLAT-007,Coverage target met for critical modules; flaky test budget under threshold.,CI matrix green across macOS/Linux + sqlite snapshots.,Rule decision latency p95 < 20ms; policy violation false-positive rate < 2%; blocked unsafe actions = 100%.,False confidence due to shallow tests.,Property tests and adversarial scenario suites.,2026-Q2,Planned
FRI-PLAT-009,EPIC-RUL,RUL,Rules Engine Core,Phase-5 Beta Rollout (Weeks 17-20),Platform,Beta Rollout and Telemetry,Rules Engine Core — Beta Rollout and Telemetry,Create a deterministic policy/rule runtime that gates all agent execution steps.,"Rule DSL, policy bundles, pre/post evaluation hooks, decision actions","Ship behind feature flag, collect telemetry, and run controlled beta with acceptance gates.","Current Friday codebase, existing API/runtime contracts, platform vision constraints.","rules_engine module, policy YAML packs, evaluation APIs",DevOps/SRE Engineer,Product Manager; QA Engineer; Security Engineer; DevOps Engineer,P1,5,2.5,FRI-PLAT-008,Beta metrics dashboard active; SLO and error budget monitored daily.,Synthetic probes + canary tests + weekly beta triage log.,Rule decision latency p95 < 20ms; policy violation false-positive rate < 2%; blocked unsafe actions = 100%.,Silent production failures.,Canary rollout + automatic rollback thresholds.,2026-Q2,Planned
FRI-PLAT-010,EPIC-RUL,RUL,Rules Engine Core,Phase-6 Launch Readiness (Weeks 21-24),Platform,Launch Runbook and Handover,Rules Engine Core — Launch Runbook and Handover,Create a deterministic policy/rule runtime that gates all agent execution steps.,"Rule DSL, policy bundles, pre/post evaluation hooks, decision actions","Prepare production launch checklist, support playbooks, and ownership handover.","Current Friday codebase, existing API/runtime contracts, platform vision constraints.","rules_engine module, policy YAML packs, evaluation APIs",Release Manager,Product Manager; QA Engineer; Security Engineer; DevOps Engineer,P1,3,1.5,FRI-PLAT-009,Runbook published; on-call training complete; launch gates automated.,Game-day simulation + incident drill + go/no-go checklist pass.,Rule decision latency p95 < 20ms; policy violation false-positive rate < 2%; blocked unsafe actions = 100%.,Operational unpreparedness at launch.,Runbook automation and escalation tree validation.,2026-Q2,Planned
FRI-PLAT-011,EPIC-RUN,RUN,NodeRunner Execution Framework,Phase-1 Foundations (Weeks 1-4),Platform,Product/Architecture Spec,NodeRunner Execution Framework — Product/Architecture Spec,Standardize every node execution into a fixed 6-step runner template.,load/pre-validate/pre-rules/execute/post-validate/post-rules,Define product and technical contract for this workstream with edge cases and out-of-scope boundaries.,"Current Friday codebase, existing API/runtime contracts, platform vision constraints.","node_runner template, adapters for tools/agents, execution context contract",Principal Engineer,Product Manager; QA Engineer; Security Engineer; DevOps Engineer,P0,3,1.5,none,"Architecture RFC, sequence diagrams, explicit NFRs approved.",Design review checklist passed; architecture doc lint + peer review complete.,Node execution success rate > 99%; deterministic state transition mismatch = 0; timeout handling accuracy 100%.,Architecture drift after implementation.,Weekly design-review gate + ADR updates.,2026-Q2,Planned
FRI-PLAT-012,EPIC-RUN,RUN,NodeRunner Execution Framework,Phase-1 Foundations (Weeks 1-4),Platform,Domain Model and Data Contract,NodeRunner Execution Framework — Domain Model and Data Contract,Standardize every node execution into a fixed 6-step runner template.,load/pre-validate/pre-rules/execute/post-validate/post-rules,"Define canonical entities, schemas, and persistence layout with versioning strategy.","Current Friday codebase, existing API/runtime contracts, platform vision constraints.","node_runner template, adapters for tools/agents, execution context contract",Backend Engineer (Data),Product Manager; QA Engineer; Security Engineer; DevOps Engineer,P0,5,2.5,FRI-PLAT-011,Schema package merged; migration plan approved; backward compatibility documented.,Schema contract tests and migration dry-run against snapshot DB.,Node execution success rate > 99%; deterministic state transition mismatch = 0; timeout handling accuracy 100%.,Breaking schema evolution.,Introduce versioned schema and compatibility tests.,2026-Q2,Planned
FRI-PLAT-013,EPIC-RUN,RUN,NodeRunner Execution Framework,Phase-1 Foundations (Weeks 1-4),Platform,API and SDK Contract,NodeRunner Execution Framework — API and SDK Contract,Standardize every node execution into a fixed 6-step runner template.,load/pre-validate/pre-rules/execute/post-validate/post-rules,Define external/internal APIs and SDK methods including error model and idempotency keys.,"Current Friday codebase, existing API/runtime contracts, platform vision constraints.","node_runner template, adapters for tools/agents, execution context contract",Backend Engineer (API),Product Manager; QA Engineer; Security Engineer; DevOps Engineer,P0,5,2.5,FRI-PLAT-012,OpenAPI/TS types generated; standardized error codes and retry hints present.,Contract tests and SDK compile checks pass in CI.,Node execution success rate > 99%; deterministic state transition mismatch = 0; timeout handling accuracy 100%.,Inconsistent API behavior across modules.,Contract-first generation + shared validator middleware.,2026-Q2,Planned
FRI-PLAT-014,EPIC-RUN,RUN,NodeRunner Execution Framework,Phase-2 Runtime Hardening (Weeks 5-8),Platform,Core Runtime Implementation,NodeRunner Execution Framework — Core Runtime Implementation,Standardize every node execution into a fixed 6-step runner template.,load/pre-validate/pre-rules/execute/post-validate/post-rules,Build core runtime logic and integration with existing Friday modules.,"Current Friday codebase, existing API/runtime contracts, platform vision constraints.","node_runner template, adapters for tools/agents, execution context contract",Backend Engineer (Runtime),Product Manager; QA Engineer; Security Engineer; DevOps Engineer,P0,8,4.0,FRI-PLAT-013; EPIC-RUL core hooks complete,Core path implemented with deterministic state transitions and rollback safety.,Unit tests for state machine transitions and failure paths.,Node execution success rate > 99%; deterministic state transition mismatch = 0; timeout handling accuracy 100%.,Runtime regressions under concurrency.,Feature flags + dark launch before default enable.,2026-Q2,Planned
FRI-PLAT-015,EPIC-RUN,RUN,NodeRunner Execution Framework,Phase-2 Runtime Hardening (Weeks 5-8),Platform,UI and Operator Controls,NodeRunner Execution Framework — UI and Operator Controls,Standardize every node execution into a fixed 6-step runner template.,load/pre-validate/pre-rules/execute/post-validate/post-rules,Add operator-facing controls and views with beginner-friendly defaults and safe guardrails.,"Current Friday codebase, existing API/runtime contracts, platform vision constraints.","node_runner template, adapters for tools/agents, execution context contract",Frontend Engineer (UX),Product Manager; QA Engineer; Security Engineer; DevOps Engineer,P1,5,2.5,FRI-PLAT-014,UI flow complete; unsupported actions hidden; inline help + defaults provided.,Component tests + accessibility smoke + UX script validation.,Node execution success rate > 99%; deterministic state transition mismatch = 0; timeout handling accuracy 100%.,UI exposes unsafe operations.,Capability gating and policy-based button states.,2026-Q2,Planned
FRI-PLAT-016,EPIC-RUN,RUN,NodeRunner Execution Framework,Phase-3 Governance (Weeks 9-12),Platform,Security and Permission Model,NodeRunner Execution Framework — Security and Permission Model,Standardize every node execution into a fixed 6-step runner template.,load/pre-validate/pre-rules/execute/post-validate/post-rules,"Implement permission boundaries, secret handling, and policy enforcement for this stream.","Current Friday codebase, existing API/runtime contracts, platform vision constraints.","node_runner template, adapters for tools/agents, execution context contract",Security Engineer,Product Manager; QA Engineer; Security Engineer; DevOps Engineer,P0,5,2.5,FRI-PLAT-015,Least-privilege model enforced; denied operations are explicit and audited.,RBAC matrix tests + penetration checklist + negative tests.,Node execution success rate > 99%; deterministic state transition mismatch = 0; timeout handling accuracy 100%.,Privilege escalation or data leakage.,Deny-by-default policy and scoped credentials.,2026-Q2,Planned
FRI-PLAT-017,EPIC-RUN,RUN,NodeRunner Execution Framework,Phase-3 Governance (Weeks 9-12),Platform,"Migration, Backfill, and Compatibility","NodeRunner Execution Framework — Migration, Backfill, and Compatibility",Standardize every node execution into a fixed 6-step runner template.,load/pre-validate/pre-rules/execute/post-validate/post-rules,"Deliver migration scripts, data backfill logic, and compatibility window strategy.","Current Friday codebase, existing API/runtime contracts, platform vision constraints.","node_runner template, adapters for tools/agents, execution context contract",Backend Engineer (Platform),Product Manager; QA Engineer; Security Engineer; DevOps Engineer,P1,5,2.5,FRI-PLAT-016,Zero-loss migration dry run; rollback path documented and tested.,Migration chain tests + rollback simulation in staging.,Node execution success rate > 99%; deterministic state transition mismatch = 0; timeout handling accuracy 100%.,Data corruption during upgrade.,Transactional migration + checksums + backup gate.,2026-Q2,Planned
FRI-PLAT-018,EPIC-RUN,RUN,NodeRunner Execution Framework,Phase-4 Validation (Weeks 13-16),Platform,Automated Test Matrix,NodeRunner Execution Framework — Automated Test Matrix,Standardize every node execution into a fixed 6-step runner template.,load/pre-validate/pre-rules/execute/post-validate/post-rules,Build comprehensive unit/integration/e2e suites for critical paths and edge cases.,"Current Friday codebase, existing API/runtime contracts, platform vision constraints.","node_runner template, adapters for tools/agents, execution context contract",QA Automation Engineer,Product Manager; QA Engineer; Security Engineer; DevOps Engineer,P1,8,4.0,FRI-PLAT-017; EPIC-RUL core hooks complete,Coverage target met for critical modules; flaky test budget under threshold.,CI matrix green across macOS/Linux + sqlite snapshots.,Node execution success rate > 99%; deterministic state transition mismatch = 0; timeout handling accuracy 100%.,False confidence due to shallow tests.,Property tests and adversarial scenario suites.,2026-Q2,Planned
FRI-PLAT-019,EPIC-RUN,RUN,NodeRunner Execution Framework,Phase-5 Beta Rollout (Weeks 17-20),Platform,Beta Rollout and Telemetry,NodeRunner Execution Framework — Beta Rollout and Telemetry,Standardize every node execution into a fixed 6-step runner template.,load/pre-validate/pre-rules/execute/post-validate/post-rules,"Ship behind feature flag, collect telemetry, and run controlled beta with acceptance gates.","Current Friday codebase, existing API/runtime contracts, platform vision constraints.","node_runner template, adapters for tools/agents, execution context contract",DevOps/SRE Engineer,Product Manager; QA Engineer; Security Engineer; DevOps Engineer,P1,5,2.5,FRI-PLAT-018,Beta metrics dashboard active; SLO and error budget monitored daily.,Synthetic probes + canary tests + weekly beta triage log.,Node execution success rate > 99%; deterministic state transition mismatch = 0; timeout handling accuracy 100%.,Silent production failures.,Canary rollout + automatic rollback thresholds.,2026-Q2,Planned
FRI-PLAT-020,EPIC-RUN,RUN,NodeRunner Execution Framework,Phase-6 Launch Readiness (Weeks 21-24),Platform,Launch Runbook and Handover,NodeRunner Execution Framework — Launch Runbook and Handover,Standardize every node execution into a fixed 6-step runner template.,load/pre-validate/pre-rules/execute/post-validate/post-rules,"Prepare production launch checklist, support playbooks, and ownership handover.","Current Friday codebase, existing API/runtime contracts, platform vision constraints.","node_runner template, adapters for tools/agents, execution context contract",Release Manager,Product Manager; QA Engineer; Security Engineer; DevOps Engineer,P1,3,1.5,FRI-PLAT-019,Runbook published; on-call training complete; launch gates automated.,Game-day simulation + incident drill + go/no-go checklist pass.,Node execution success rate > 99%; deterministic state transition mismatch = 0; timeout handling accuracy 100%.,Operational unpreparedness at launch.,Runbook automation and escalation tree validation.,2026-Q2,Planned
FRI-PLAT-021,EPIC-ACC,ACC,Acceptance Testing Layer,Phase-1 Foundations (Weeks 1-4),Platform,Product/Architecture Spec,Acceptance Testing Layer — Product/Architecture Spec,Add mandatory schema/quant/quality acceptance gates before completion.,"acceptance test registry, rule-linked checks, per-artifact verdicts",Define product and technical contract for this workstream with edge cases and out-of-scope boundaries.,"Current Friday codebase, existing API/runtime contracts, platform vision constraints.","acceptance engine, built-in checks, failure reports",Principal Engineer,Product Manager; QA Engineer; Security Engineer; DevOps Engineer,P0,3,1.5,none,"Architecture RFC, sequence diagrams, explicit NFRs approved.",Design review checklist passed; architecture doc lint + peer review complete.,Acceptance pass/fail determinism > 99.5%; escaped bad artifacts < 1%; mean validation latency < 200ms.,Architecture drift after implementation.,Weekly design-review gate + ADR updates.,2026-Q2,Planned
FRI-PLAT-022,EPIC-ACC,ACC,Acceptance Testing Layer,Phase-1 Foundations (Weeks 1-4),Platform,Domain Model and Data Contract,Acceptance Testing Layer — Domain Model and Data Contract,Add mandatory schema/quant/quality acceptance gates before completion.,"acceptance test registry, rule-linked checks, per-artifact verdicts","Define canonical entities, schemas, and persistence layout with versioning strategy.","Current Friday codebase, existing API/runtime contracts, platform vision constraints.","acceptance engine, built-in checks, failure reports",Backend Engineer (Data),Product Manager; QA Engineer; Security Engineer; DevOps Engineer,P0,5,2.5,FRI-PLAT-021,Schema package merged; migration plan approved; backward compatibility documented.,Schema contract tests and migration dry-run against snapshot DB.,Acceptance pass/fail determinism > 99.5%; escaped bad artifacts < 1%; mean validation latency < 200ms.,Breaking schema evolution.,Introduce versioned schema and compatibility tests.,2026-Q2,Planned
FRI-PLAT-023,EPIC-ACC,ACC,Acceptance Testing Layer,Phase-1 Foundations (Weeks 1-4),Platform,API and SDK Contract,Acceptance Testing Layer — API and SDK Contract,Add mandatory schema/quant/quality acceptance gates before completion.,"acceptance test registry, rule-linked checks, per-artifact verdicts",Define external/internal APIs and SDK methods including error model and idempotency keys.,"Current Friday codebase, existing API/runtime contracts, platform vision constraints.","acceptance engine, built-in checks, failure reports",Backend Engineer (API),Product Manager; QA Engineer; Security Engineer; DevOps Engineer,P0,5,2.5,FRI-PLAT-022,OpenAPI/TS types generated; standardized error codes and retry hints present.,Contract tests and SDK compile checks pass in CI.,Acceptance pass/fail determinism > 99.5%; escaped bad artifacts < 1%; mean validation latency < 200ms.,Inconsistent API behavior across modules.,Contract-first generation + shared validator middleware.,2026-Q2,Planned
FRI-PLAT-024,EPIC-ACC,ACC,Acceptance Testing Layer,Phase-2 Runtime Hardening (Weeks 5-8),Platform,Core Runtime Implementation,Acceptance Testing Layer — Core Runtime Implementation,Add mandatory schema/quant/quality acceptance gates before completion.,"acceptance test registry, rule-linked checks, per-artifact verdicts",Build core runtime logic and integration with existing Friday modules.,"Current Friday codebase, existing API/runtime contracts, platform vision constraints.","acceptance engine, built-in checks, failure reports",Backend Engineer (Runtime),Product Manager; QA Engineer; Security Engineer; DevOps Engineer,P0,8,4.0,FRI-PLAT-023; EPIC-RUL core hooks complete,Core path implemented with deterministic state transitions and rollback safety.,Unit tests for state machine transitions and failure paths.,Acceptance pass/fail determinism > 99.5%; escaped bad artifacts < 1%; mean validation latency < 200ms.,Runtime regressions under concurrency.,Feature flags + dark launch before default enable.,2026-Q2,Planned
FRI-PLAT-025,EPIC-ACC,ACC,Acceptance Testing Layer,Phase-2 Runtime Hardening (Weeks 5-8),Platform,UI and Operator Controls,Acceptance Testing Layer — UI and Operator Controls,Add mandatory schema/quant/quality acceptance gates before completion.,"acceptance test registry, rule-linked checks, per-artifact verdicts",Add operator-facing controls and views with beginner-friendly defaults and safe guardrails.,"Current Friday codebase, existing API/runtime contracts, platform vision constraints.","acceptance engine, built-in checks, failure reports",Frontend Engineer (UX),Product Manager; QA Engineer; Security Engineer; DevOps Engineer,P1,5,2.5,FRI-PLAT-024,UI flow complete; unsupported actions hidden; inline help + defaults provided.,Component tests + accessibility smoke + UX script validation.,Acceptance pass/fail determinism > 99.5%; escaped bad artifacts < 1%; mean validation latency < 200ms.,UI exposes unsafe operations.,Capability gating and policy-based button states.,2026-Q2,Planned
FRI-PLAT-026,EPIC-ACC,ACC,Acceptance Testing Layer,Phase-3 Governance (Weeks 9-12),Platform,Security and Permission Model,Acceptance Testing Layer — Security and Permission Model,Add mandatory schema/quant/quality acceptance gates before completion.,"acceptance test registry, rule-linked checks, per-artifact verdicts","Implement permission boundaries, secret handling, and policy enforcement for this stream.","Current Friday codebase, existing API/runtime contracts, platform vision constraints.","acceptance engine, built-in checks, failure reports",Security Engineer,Product Manager; QA Engineer; Security Engineer; DevOps Engineer,P0,5,2.5,FRI-PLAT-025,Least-privilege model enforced; denied operations are explicit and audited.,RBAC matrix tests + penetration checklist + negative tests.,Acceptance pass/fail determinism > 99.5%; escaped bad artifacts < 1%; mean validation latency < 200ms.,Privilege escalation or data leakage.,Deny-by-default policy and scoped credentials.,2026-Q2,Planned
FRI-PLAT-027,EPIC-ACC,ACC,Acceptance Testing Layer,Phase-3 Governance (Weeks 9-12),Platform,"Migration, Backfill, and Compatibility","Acceptance Testing Layer — Migration, Backfill, and Compatibility",Add mandatory schema/quant/quality acceptance gates before completion.,"acceptance test registry, rule-linked checks, per-artifact verdicts","Deliver migration scripts, data backfill logic, and compatibility window strategy.","Current Friday codebase, existing API/runtime contracts, platform vision constraints.","acceptance engine, built-in checks, failure reports",Backend Engineer (Platform),Product Manager; QA Engineer; Security Engineer; DevOps Engineer,P1,5,2.5,FRI-PLAT-026,Zero-loss migration dry run; rollback path documented and tested.,Migration chain tests + rollback simulation in staging.,Acceptance pass/fail determinism > 99.5%; escaped bad artifacts < 1%; mean validation latency < 200ms.,Data corruption during upgrade.,Transactional migration + checksums + backup gate.,2026-Q2,Planned
FRI-PLAT-028,EPIC-ACC,ACC,Acceptance Testing Layer,Phase-4 Validation (Weeks 13-16),Platform,Automated Test Matrix,Acceptance Testing Layer — Automated Test Matrix,Add mandatory schema/quant/quality acceptance gates before completion.,"acceptance test registry, rule-linked checks, per-artifact verdicts",Build comprehensive unit/integration/e2e suites for critical paths and edge cases.,"Current Friday codebase, existing API/runtime contracts, platform vision constraints.","acceptance engine, built-in checks, failure reports",QA Automation Engineer,Product Manager; QA Engineer; Security Engineer; DevOps Engineer,P1,8,4.0,FRI-PLAT-027; EPIC-RUL core hooks complete,Coverage target met for critical modules; flaky test budget under threshold.,CI matrix green across macOS/Linux + sqlite snapshots.,Acceptance pass/fail determinism > 99.5%; escaped bad artifacts < 1%; mean validation latency < 200ms.,False confidence due to shallow tests.,Property tests and adversarial scenario suites.,2026-Q2,Planned
FRI-PLAT-029,EPIC-ACC,ACC,Acceptance Testing Layer,Phase-5 Beta Rollout (Weeks 17-20),Platform,Beta Rollout and Telemetry,Acceptance Testing Layer — Beta Rollout and Telemetry,Add mandatory schema/quant/quality acceptance gates before completion.,"acceptance test registry, rule-linked checks, per-artifact verdicts","Ship behind feature flag, collect telemetry, and run controlled beta with acceptance gates.","Current Friday codebase, existing API/runtime contracts, platform vision constraints.","acceptance engine, built-in checks, failure reports",DevOps/SRE Engineer,Product Manager; QA Engineer; Security Engineer; DevOps Engineer,P1,5,2.5,FRI-PLAT-028,Beta metrics dashboard active; SLO and error budget monitored daily.,Synthetic probes + canary tests + weekly beta triage log.,Acceptance pass/fail determinism > 99.5%; escaped bad artifacts < 1%; mean validation latency < 200ms.,Silent production failures.,Canary rollout + automatic rollback thresholds.,2026-Q2,Planned
FRI-PLAT-030,EPIC-ACC,ACC,Acceptance Testing Layer,Phase-6 Launch Readiness (Weeks 21-24),Platform,Launch Runbook and Handover,Acceptance Testing Layer — Launch Runbook and Handover,Add mandatory schema/quant/quality acceptance gates before completion.,"acceptance test registry, rule-linked checks, per-artifact verdicts","Prepare production launch checklist, support playbooks, and ownership handover.","Current Friday codebase, existing API/runtime contracts, platform vision constraints.","acceptance engine, built-in checks, failure reports",Release Manager,Product Manager; QA Engineer; Security Engineer; DevOps Engineer,P1,3,1.5,FRI-PLAT-029,Runbook published; on-call training complete; launch gates automated.,Game-day simulation + incident drill + go/no-go checklist pass.,Acceptance pass/fail determinism > 99.5%; escaped bad artifacts < 1%; mean validation latency < 200ms.,Operational unpreparedness at launch.,Runbook automation and escalation tree validation.,2026-Q2,Planned
FRI-PLAT-031,EPIC-RET,RET,Failure Taxonomy and Retry Engine,Phase-1 Foundations (Weeks 1-4),Platform,Product/Architecture Spec,Failure Taxonomy and Retry Engine — Product/Architecture Spec,Classify failures and apply cost-aware retry trees automatically.,"failure classifier, retry policy DSL, retry cost accounting",Define product and technical contract for this workstream with edge cases and out-of-scope boundaries.,"Current Friday codebase, existing API/runtime contracts, platform vision constraints.","failure taxonomy service, retry orchestrator, retry traces",Principal Engineer,Product Manager; QA Engineer; Security Engineer; DevOps Engineer,P0,3,1.5,none,"Architecture RFC, sequence diagrams, explicit NFRs approved.",Design review checklist passed; architecture doc lint + peer review complete.,Auto-recovery rate > 60% for retryable failures; retry cost overhead < 25%; manual escalations reduced by 40%.,Architecture drift after implementation.,Weekly design-review gate + ADR updates.,2026-Q2,Planned
FRI-PLAT-032,EPIC-RET,RET,Failure Taxonomy and Retry Engine,Phase-1 Foundations (Weeks 1-4),Platform,Domain Model and Data Contract,Failure Taxonomy and Retry Engine — Domain Model and Data Contract,Classify failures and apply cost-aware retry trees automatically.,"failure classifier, retry policy DSL, retry cost accounting","Define canonical entities, schemas, and persistence layout with versioning strategy.","Current Friday codebase, existing API/runtime contracts, platform vision constraints.","failure taxonomy service, retry orchestrator, retry traces",Backend Engineer (Data),Product Manager; QA Engineer; Security Engineer; DevOps Engineer,P0,5,2.5,FRI-PLAT-031,Schema package merged; migration plan approved; backward compatibility documented.,Schema contract tests and migration dry-run against snapshot DB.,Auto-recovery rate > 60% for retryable failures; retry cost overhead < 25%; manual escalations reduced by 40%.,Breaking schema evolution.,Introduce versioned schema and compatibility tests.,2026-Q2,Planned
FRI-PLAT-033,EPIC-RET,RET,Failure Taxonomy and Retry Engine,Phase-1 Foundations (Weeks 1-4),Platform,API and SDK Contract,Failure Taxonomy and Retry Engine — API and SDK Contract,Classify failures and apply cost-aware retry trees automatically.,"failure classifier, retry policy DSL, retry cost accounting",Define external/internal APIs and SDK methods including error model and idempotency keys.,"Current Friday codebase, existing API/runtime contracts, platform vision constraints.","failure taxonomy service, retry orchestrator, retry traces",Backend Engineer (API),Product Manager; QA Engineer; Security Engineer; DevOps Engineer,P0,5,2.5,FRI-PLAT-032,OpenAPI/TS types generated; standardized error codes and retry hints present.,Contract tests and SDK compile checks pass in CI.,Auto-recovery rate > 60% for retryable failures; retry cost overhead < 25%; manual escalations reduced by 40%.,Inconsistent API behavior across modules.,Contract-first generation + shared validator middleware.,2026-Q2,Planned
FRI-PLAT-034,EPIC-RET,RET,Failure Taxonomy and Retry Engine,Phase-2 Runtime Hardening (Weeks 5-8),Platform,Core Runtime Implementation,Failure Taxonomy and Retry Engine — Core Runtime Implementation,Classify failures and apply cost-aware retry trees automatically.,"failure classifier, retry policy DSL, retry cost accounting",Build core runtime logic and integration with existing Friday modules.,"Current Friday codebase, existing API/runtime contracts, platform vision constraints.","failure taxonomy service, retry orchestrator, retry traces",Backend Engineer (Runtime),Product Manager; QA Engineer; Security Engineer; DevOps Engineer,P0,8,4.0,FRI-PLAT-033; EPIC-RUL core hooks complete,Core path implemented with deterministic state transitions and rollback safety.,Unit tests for state machine transitions and failure paths.,Auto-recovery rate > 60% for retryable failures; retry cost overhead < 25%; manual escalations reduced by 40%.,Runtime regressions under concurrency.,Feature flags + dark launch before default enable.,2026-Q2,Planned
FRI-PLAT-035,EPIC-RET,RET,Failure Taxonomy and Retry Engine,Phase-2 Runtime Hardening (Weeks 5-8),Platform,UI and Operator Controls,Failure Taxonomy and Retry Engine — UI and Operator Controls,Classify failures and apply cost-aware retry trees automatically.,"failure classifier, retry policy DSL, retry cost accounting",Add operator-facing controls and views with beginner-friendly defaults and safe guardrails.,"Current Friday codebase, existing API/runtime contracts, platform vision constraints.","failure taxonomy service, retry orchestrator, retry traces",Frontend Engineer (UX),Product Manager; QA Engineer; Security Engineer; DevOps Engineer,P1,5,2.5,FRI-PLAT-034,UI flow complete; unsupported actions hidden; inline help + defaults provided.,Component tests + accessibility smoke + UX script validation.,Auto-recovery rate > 60% for retryable failures; retry cost overhead < 25%; manual escalations reduced by 40%.,UI exposes unsafe operations.,Capability gating and policy-based button states.,2026-Q2,Planned
FRI-PLAT-036,EPIC-RET,RET,Failure Taxonomy and Retry Engine,Phase-3 Governance (Weeks 9-12),Platform,Security and Permission Model,Failure Taxonomy and Retry Engine — Security and Permission Model,Classify failures and apply cost-aware retry trees automatically.,"failure classifier, retry policy DSL, retry cost accounting","Implement permission boundaries, secret handling, and policy enforcement for this stream.","Current Friday codebase, existing API/runtime contracts, platform vision constraints.","failure taxonomy service, retry orchestrator, retry traces",Security Engineer,Product Manager; QA Engineer; Security Engineer; DevOps Engineer,P0,5,2.5,FRI-PLAT-035,Least-privilege model enforced; denied operations are explicit and audited.,RBAC matrix tests + penetration checklist + negative tests.,Auto-recovery rate > 60% for retryable failures; retry cost overhead < 25%; manual escalations reduced by 40%.,Privilege escalation or data leakage.,Deny-by-default policy and scoped credentials.,2026-Q2,Planned
FRI-PLAT-037,EPIC-RET,RET,Failure Taxonomy and Retry Engine,Phase-3 Governance (Weeks 9-12),Platform,"Migration, Backfill, and Compatibility","Failure Taxonomy and Retry Engine — Migration, Backfill, and Compatibility",Classify failures and apply cost-aware retry trees automatically.,"failure classifier, retry policy DSL, retry cost accounting","Deliver migration scripts, data backfill logic, and compatibility window strategy.","Current Friday codebase, existing API/runtime contracts, platform vision constraints.","failure taxonomy service, retry orchestrator, retry traces",Backend Engineer (Platform),Product Manager; QA Engineer; Security Engineer; DevOps Engineer,P1,5,2.5,FRI-PLAT-036,Zero-loss migration dry run; rollback path documented and tested.,Migration chain tests + rollback simulation in staging.,Auto-recovery rate > 60% for retryable failures; retry cost overhead < 25%; manual escalations reduced by 40%.,Data corruption during upgrade.,Transactional migration + checksums + backup gate.,2026-Q2,Planned
FRI-PLAT-038,EPIC-RET,RET,Failure Taxonomy and Retry Engine,Phase-4 Validation (Weeks 13-16),Platform,Automated Test Matrix,Failure Taxonomy and Retry Engine — Automated Test Matrix,Classify failures and apply cost-aware retry trees automatically.,"failure classifier, retry policy DSL, retry cost accounting",Build comprehensive unit/integration/e2e suites for critical paths and edge cases.,"Current Friday codebase, existing API/runtime contracts, platform vision constraints.","failure taxonomy service, retry orchestrator, retry traces",QA Automation Engineer,Product Manager; QA Engineer; Security Engineer; DevOps Engineer,P1,8,4.0,FRI-PLAT-037; EPIC-RUL core hooks complete,Coverage target met for critical modules; flaky test budget under threshold.,CI matrix green across macOS/Linux + sqlite snapshots.,Auto-recovery rate > 60% for retryable failures; retry cost overhead < 25%; manual escalations reduced by 40%.,False confidence due to shallow tests.,Property tests and adversarial scenario suites.,2026-Q2,Planned
FRI-PLAT-039,EPIC-RET,RET,Failure Taxonomy and Retry Engine,Phase-5 Beta Rollout (Weeks 17-20),Platform,Beta Rollout and Telemetry,Failure Taxonomy and Retry Engine — Beta Rollout and Telemetry,Classify failures and apply cost-aware retry trees automatically.,"failure classifier, retry policy DSL, retry cost accounting","Ship behind feature flag, collect telemetry, and run controlled beta with acceptance gates.","Current Friday codebase, existing API/runtime contracts, platform vision constraints.","failure taxonomy service, retry orchestrator, retry traces",DevOps/SRE Engineer,Product Manager; QA Engineer; Security Engineer; DevOps Engineer,P1,5,2.5,FRI-PLAT-038,Beta metrics dashboard active; SLO and error budget monitored daily.,Synthetic probes + canary tests + weekly beta triage log.,Auto-recovery rate > 60% for retryable failures; retry cost overhead < 25%; manual escalations reduced by 40%.,Silent production failures.,Canary rollout + automatic rollback thresholds.,2026-Q2,Planned
FRI-PLAT-040,EPIC-RET,RET,Failure Taxonomy and Retry Engine,Phase-6 Launch Readiness (Weeks 21-24),Platform,Launch Runbook and Handover,Failure Taxonomy and Retry Engine — Launch Runbook and Handover,Classify failures and apply cost-aware retry trees automatically.,"failure classifier, retry policy DSL, retry cost accounting","Prepare production launch checklist, support playbooks, and ownership handover.","Current Friday codebase, existing API/runtime contracts, platform vision constraints.","failure taxonomy service, retry orchestrator, retry traces",Release Manager,Product Manager; QA Engineer; Security Engineer; DevOps Engineer,P1,3,1.5,FRI-PLAT-039,Runbook published; on-call training complete; launch gates automated.,Game-day simulation + incident drill + go/no-go checklist pass.,Auto-recovery rate > 60% for retryable failures; retry cost overhead < 25%; manual escalations reduced by 40%.,Operational unpreparedness at launch.,Runbook automation and escalation tree validation.,2026-Q2,Planned
FRI-PLAT-041,EPIC-PBK,PBK,Playbook Learning System,Phase-1 Foundations (Weeks 1-4),Platform,Product/Architecture Spec,Playbook Learning System — Product/Architecture Spec,Convert successful runs into reusable playbooks with score-based selection.,"candidate generation, promotion rules, score model, versioning",Define product and technical contract for this workstream with edge cases and out-of-scope boundaries.,"Current Friday codebase, existing API/runtime contracts, platform vision constraints.","playbook store, promoter job, selector service",Principal Engineer,Product Manager; QA Engineer; Security Engineer; DevOps Engineer,P0,3,1.5,none,"Architecture RFC, sequence diagrams, explicit NFRs approved.",Design review checklist passed; architecture doc lint + peer review complete.,Playbook reuse hit rate > 35%; success lift vs no-playbook > 20%; bad promotion rollback < 1%.,Architecture drift after implementation.,Weekly design-review gate + ADR updates.,2026-Q3,Planned
FRI-PLAT-042,EPIC-PBK,PBK,Playbook Learning System,Phase-1 Foundations (Weeks 1-4),Platform,Domain Model and Data Contract,Playbook Learning System — Domain Model and Data Contract,Convert successful runs into reusable playbooks with score-based selection.,"candidate generation, promotion rules, score model, versioning","Define canonical entities, schemas, and persistence layout with versioning strategy.","Current Friday codebase, existing API/runtime contracts, platform vision constraints.","playbook store, promoter job, selector service",Backend Engineer (Data),Product Manager; QA Engineer; Security Engineer; DevOps Engineer,P0,5,2.5,FRI-PLAT-041,Schema package merged; migration plan approved; backward compatibility documented.,Schema contract tests and migration dry-run against snapshot DB.,Playbook reuse hit rate > 35%; success lift vs no-playbook > 20%; bad promotion rollback < 1%.,Breaking schema evolution.,Introduce versioned schema and compatibility tests.,2026-Q3,Planned
FRI-PLAT-043,EPIC-PBK,PBK,Playbook Learning System,Phase-1 Foundations (Weeks 1-4),Platform,API and SDK Contract,Playbook Learning System — API and SDK Contract,Convert successful runs into reusable playbooks with score-based selection.,"candidate generation, promotion rules, score model, versioning",Define external/internal APIs and SDK methods including error model and idempotency keys.,"Current Friday codebase, existing API/runtime contracts, platform vision constraints.","playbook store, promoter job, selector service",Backend Engineer (API),Product Manager; QA Engineer; Security Engineer; DevOps Engineer,P0,5,2.5,FRI-PLAT-042,OpenAPI/TS types generated; standardized error codes and retry hints present.,Contract tests and SDK compile checks pass in CI.,Playbook reuse hit rate > 35%; success lift vs no-playbook > 20%; bad promotion rollback < 1%.,Inconsistent API behavior across modules.,Contract-first generation + shared validator middleware.,2026-Q3,Planned
FRI-PLAT-044,EPIC-PBK,PBK,Playbook Learning System,Phase-2 Runtime Hardening (Weeks 5-8),Platform,Core Runtime Implementation,Playbook Learning System — Core Runtime Implementation,Convert successful runs into reusable playbooks with score-based selection.,"candidate generation, promotion rules, score model, versioning",Build core runtime logic and integration with existing Friday modules.,"Current Friday codebase, existing API/runtime contracts, platform vision constraints.","playbook store, promoter job, selector service",Backend Engineer (Runtime),Product Manager; QA Engineer; Security Engineer; DevOps Engineer,P0,8,4.0,FRI-PLAT-043; EPIC-RUL core hooks complete,Core path implemented with deterministic state transitions and rollback safety.,Unit tests for state machine transitions and failure paths.,Playbook reuse hit rate > 35%; success lift vs no-playbook > 20%; bad promotion rollback < 1%.,Runtime regressions under concurrency.,Feature flags + dark launch before default enable.,2026-Q3,Planned
FRI-PLAT-045,EPIC-PBK,PBK,Playbook Learning System,Phase-2 Runtime Hardening (Weeks 5-8),Platform,UI and Operator Controls,Playbook Learning System — UI and Operator Controls,Convert successful runs into reusable playbooks with score-based selection.,"candidate generation, promotion rules, score model, versioning",Add operator-facing controls and views with beginner-friendly defaults and safe guardrails.,"Current Friday codebase, existing API/runtime contracts, platform vision constraints.","playbook store, promoter job, selector service",Frontend Engineer (UX),Product Manager; QA Engineer; Security Engineer; DevOps Engineer,P1,5,2.5,FRI-PLAT-044,UI flow complete; unsupported actions hidden; inline help + defaults provided.,Component tests + accessibility smoke + UX script validation.,Playbook reuse hit rate > 35%; success lift vs no-playbook > 20%; bad promotion rollback < 1%.,UI exposes unsafe operations.,Capability gating and policy-based button states.,2026-Q3,Planned
FRI-PLAT-046,EPIC-PBK,PBK,Playbook Learning System,Phase-3 Governance (Weeks 9-12),Platform,Security and Permission Model,Playbook Learning System — Security and Permission Model,Convert successful runs into reusable playbooks with score-based selection.,"candidate generation, promotion rules, score model, versioning","Implement permission boundaries, secret handling, and policy enforcement for this stream.","Current Friday codebase, existing API/runtime contracts, platform vision constraints.","playbook store, promoter job, selector service",Security Engineer,Product Manager; QA Engineer; Security Engineer; DevOps Engineer,P0,5,2.5,FRI-PLAT-045,Least-privilege model enforced; denied operations are explicit and audited.,RBAC matrix tests + penetration checklist + negative tests.,Playbook reuse hit rate > 35%; success lift vs no-playbook > 20%; bad promotion rollback < 1%.,Privilege escalation or data leakage.,Deny-by-default policy and scoped credentials.,2026-Q3,Planned
FRI-PLAT-047,EPIC-PBK,PBK,Playbook Learning System,Phase-3 Governance (Weeks 9-12),Platform,"Migration, Backfill, and Compatibility","Playbook Learning System — Migration, Backfill, and Compatibility",Convert successful runs into reusable playbooks with score-based selection.,"candidate generation, promotion rules, score model, versioning","Deliver migration scripts, data backfill logic, and compatibility window strategy.","Current Friday codebase, existing API/runtime contracts, platform vision constraints.","playbook store, promoter job, selector service",Backend Engineer (Platform),Product Manager; QA Engineer; Security Engineer; DevOps Engineer,P1,5,2.5,FRI-PLAT-046,Zero-loss migration dry run; rollback path documented and tested.,Migration chain tests + rollback simulation in staging.,Playbook reuse hit rate > 35%; success lift vs no-playbook > 20%; bad promotion rollback < 1%.,Data corruption during upgrade.,Transactional migration + checksums + backup gate.,2026-Q3,Planned
FRI-PLAT-048,EPIC-PBK,PBK,Playbook Learning System,Phase-4 Validation (Weeks 13-16),Platform,Automated Test Matrix,Playbook Learning System — Automated Test Matrix,Convert successful runs into reusable playbooks with score-based selection.,"candidate generation, promotion rules, score model, versioning",Build comprehensive unit/integration/e2e suites for critical paths and edge cases.,"Current Friday codebase, existing API/runtime contracts, platform vision constraints.","playbook store, promoter job, selector service",QA Automation Engineer,Product Manager; QA Engineer; Security Engineer; DevOps Engineer,P1,8,4.0,FRI-PLAT-047; EPIC-RUL core hooks complete,Coverage target met for critical modules; flaky test budget under threshold.,CI matrix green across macOS/Linux + sqlite snapshots.,Playbook reuse hit rate > 35%; success lift vs no-playbook > 20%; bad promotion rollback < 1%.,False confidence due to shallow tests.,Property tests and adversarial scenario suites.,2026-Q3,Planned
FRI-PLAT-049,EPIC-PBK,PBK,Playbook Learning System,Phase-5 Beta Rollout (Weeks 17-20),Platform,Beta Rollout and Telemetry,Playbook Learning System — Beta Rollout and Telemetry,Convert successful runs into reusable playbooks with score-based selection.,"candidate generation, promotion rules, score model, versioning","Ship behind feature flag, collect telemetry, and run controlled beta with acceptance gates.","Current Friday codebase, existing API/runtime contracts, platform vision constraints.","playbook store, promoter job, selector service",DevOps/SRE Engineer,Product Manager; QA Engineer; Security Engineer; DevOps Engineer,P1,5,2.5,FRI-PLAT-048,Beta metrics dashboard active; SLO and error budget monitored daily.,Synthetic probes + canary tests + weekly beta triage log.,Playbook reuse hit rate > 35%; success lift vs no-playbook > 20%; bad promotion rollback < 1%.,Silent production failures.,Canary rollout + automatic rollback thresholds.,2026-Q3,Planned
FRI-PLAT-050,EPIC-PBK,PBK,Playbook Learning System,Phase-6 Launch Readiness (Weeks 21-24),Platform,Launch Runbook and Handover,Playbook Learning System — Launch Runbook and Handover,Convert successful runs into reusable playbooks with score-based selection.,"candidate generation, promotion rules, score model, versioning","Prepare production launch checklist, support playbooks, and ownership handover.","Current Friday codebase, existing API/runtime contracts, platform vision constraints.","playbook store, promoter job, selector service",Release Manager,Product Manager; QA Engineer; Security Engineer; DevOps Engineer,P1,3,1.5,FRI-PLAT-049,Runbook published; on-call training complete; launch gates automated.,Game-day simulation + incident drill + go/no-go checklist pass.,Playbook reuse hit rate > 35%; success lift vs no-playbook > 20%; bad promotion rollback < 1%.,Operational unpreparedness at launch.,Runbook automation and escalation tree validation.,2026-Q3,Planned
FRI-PLAT-051,EPIC-PKG,PKG,Agent Package and Publishing,Phase-1 Foundations (Weeks 1-4),Platform,Product/Architecture Spec,Agent Package and Publishing — Product/Architecture Spec,"Package agent capabilities as signed, versioned, publishable units.","manifest spec, package build, signature, install/upgrade lifecycle",Define product and technical contract for this workstream with edge cases and out-of-scope boundaries.,"Current Friday codebase, existing API/runtime contracts, platform vision constraints.","agent package format, package CLI/API, integrity verifier",Principal Engineer,Product Manager; QA Engineer; Security Engineer; DevOps Engineer,P0,3,1.5,none,"Architecture RFC, sequence diagrams, explicit NFRs approved.",Design review checklist passed; architecture doc lint + peer review complete.,Package install success > 99%; signature verification coverage 100%; rollback success > 99%.,Architecture drift after implementation.,Weekly design-review gate + ADR updates.,2026-Q3,Planned
FRI-PLAT-052,EPIC-PKG,PKG,Agent Package and Publishing,Phase-1 Foundations (Weeks 1-4),Platform,Domain Model and Data Contract,Agent Package and Publishing — Domain Model and Data Contract,"Package agent capabilities as signed, versioned, publishable units.","manifest spec, package build, signature, install/upgrade lifecycle","Define canonical entities, schemas, and persistence layout with versioning strategy.","Current Friday codebase, existing API/runtime contracts, platform vision constraints.","agent package format, package CLI/API, integrity verifier",Backend Engineer (Data),Product Manager; QA Engineer; Security Engineer; DevOps Engineer,P0,5,2.5,FRI-PLAT-051,Schema package merged; migration plan approved; backward compatibility documented.,Schema contract tests and migration dry-run against snapshot DB.,Package install success > 99%; signature verification coverage 100%; rollback success > 99%.,Breaking schema evolution.,Introduce versioned schema and compatibility tests.,2026-Q3,Planned
FRI-PLAT-053,EPIC-PKG,PKG,Agent Package and Publishing,Phase-1 Foundations (Weeks 1-4),Platform,API and SDK Contract,Agent Package and Publishing — API and SDK Contract,"Package agent capabilities as signed, versioned, publishable units.","manifest spec, package build, signature, install/upgrade lifecycle",Define external/internal APIs and SDK methods including error model and idempotency keys.,"Current Friday codebase, existing API/runtime contracts, platform vision constraints.","agent package format, package CLI/API, integrity verifier",Backend Engineer (API),Product Manager; QA Engineer; Security Engineer; DevOps Engineer,P0,5,2.5,FRI-PLAT-052,OpenAPI/TS types generated; standardized error codes and retry hints present.,Contract tests and SDK compile checks pass in CI.,Package install success > 99%; signature verification coverage 100%; rollback success > 99%.,Inconsistent API behavior across modules.,Contract-first generation + shared validator middleware.,2026-Q3,Planned
FRI-PLAT-054,EPIC-PKG,PKG,Agent Package and Publishing,Phase-2 Runtime Hardening (Weeks 5-8),Platform,Core Runtime Implementation,Agent Package and Publishing — Core Runtime Implementation,"Package agent capabilities as signed, versioned, publishable units.","manifest spec, package build, signature, install/upgrade lifecycle",Build core runtime logic and integration with existing Friday modules.,"Current Friday codebase, existing API/runtime contracts, platform vision constraints.","agent package format, package CLI/API, integrity verifier",Backend Engineer (Runtime),Product Manager; QA Engineer; Security Engineer; DevOps Engineer,P0,8,4.0,FRI-PLAT-053; EPIC-SEC tenant isolation complete,Core path implemented with deterministic state transitions and rollback safety.,Unit tests for state machine transitions and failure paths.,Package install success > 99%; signature verification coverage 100%; rollback success > 99%.,Runtime regressions under concurrency.,Feature flags + dark launch before default enable.,2026-Q3,Planned
FRI-PLAT-055,EPIC-PKG,PKG,Agent Package and Publishing,Phase-2 Runtime Hardening (Weeks 5-8),Platform,UI and Operator Controls,Agent Package and Publishing — UI and Operator Controls,"Package agent capabilities as signed, versioned, publishable units.","manifest spec, package build, signature, install/upgrade lifecycle",Add operator-facing controls and views with beginner-friendly defaults and safe guardrails.,"Current Friday codebase, existing API/runtime contracts, platform vision constraints.","agent package format, package CLI/API, integrity verifier",Frontend Engineer (UX),Product Manager; QA Engineer; Security Engineer; DevOps Engineer,P1,5,2.5,FRI-PLAT-054,UI flow complete; unsupported actions hidden; inline help + defaults provided.,Component tests + accessibility smoke + UX script validation.,Package install success > 99%; signature verification coverage 100%; rollback success > 99%.,UI exposes unsafe operations.,Capability gating and policy-based button states.,2026-Q3,Planned
FRI-PLAT-056,EPIC-PKG,PKG,Agent Package and Publishing,Phase-3 Governance (Weeks 9-12),Platform,Security and Permission Model,Agent Package and Publishing — Security and Permission Model,"Package agent capabilities as signed, versioned, publishable units.","manifest spec, package build, signature, install/upgrade lifecycle","Implement permission boundaries, secret handling, and policy enforcement for this stream.","Current Friday codebase, existing API/runtime contracts, platform vision constraints.","agent package format, package CLI/API, integrity verifier",Security Engineer,Product Manager; QA Engineer; Security Engineer; DevOps Engineer,P0,5,2.5,FRI-PLAT-055,Least-privilege model enforced; denied operations are explicit and audited.,RBAC matrix tests + penetration checklist + negative tests.,Package install success > 99%; signature verification coverage 100%; rollback success > 99%.,Privilege escalation or data leakage.,Deny-by-default policy and scoped credentials.,2026-Q3,Planned
FRI-PLAT-057,EPIC-PKG,PKG,Agent Package and Publishing,Phase-3 Governance (Weeks 9-12),Platform,"Migration, Backfill, and Compatibility","Agent Package and Publishing — Migration, Backfill, and Compatibility","Package agent capabilities as signed, versioned, publishable units.","manifest spec, package build, signature, install/upgrade lifecycle","Deliver migration scripts, data backfill logic, and compatibility window strategy.","Current Friday codebase, existing API/runtime contracts, platform vision constraints.","agent package format, package CLI/API, integrity verifier",Backend Engineer (Platform),Product Manager; QA Engineer; Security Engineer; DevOps Engineer,P1,5,2.5,FRI-PLAT-056,Zero-loss migration dry run; rollback path documented and tested.,Migration chain tests + rollback simulation in staging.,Package install success > 99%; signature verification coverage 100%; rollback success > 99%.,Data corruption during upgrade.,Transactional migration + checksums + backup gate.,2026-Q3,Planned
FRI-PLAT-058,EPIC-PKG,PKG,Agent Package and Publishing,Phase-4 Validation (Weeks 13-16),Platform,Automated Test Matrix,Agent Package and Publishing — Automated Test Matrix,"Package agent capabilities as signed, versioned, publishable units.","manifest spec, package build, signature, install/upgrade lifecycle",Build comprehensive unit/integration/e2e suites for critical paths and edge cases.,"Current Friday codebase, existing API/runtime contracts, platform vision constraints.","agent package format, package CLI/API, integrity verifier",QA Automation Engineer,Product Manager; QA Engineer; Security Engineer; DevOps Engineer,P1,8,4.0,FRI-PLAT-057,Coverage target met for critical modules; flaky test budget under threshold.,CI matrix green across macOS/Linux + sqlite snapshots.,Package install success > 99%; signature verification coverage 100%; rollback success > 99%.,False confidence due to shallow tests.,Property tests and adversarial scenario suites.,2026-Q3,Planned
FRI-PLAT-059,EPIC-PKG,PKG,Agent Package and Publishing,Phase-5 Beta Rollout (Weeks 17-20),Platform,Beta Rollout and Telemetry,Agent Package and Publishing — Beta Rollout and Telemetry,"Package agent capabilities as signed, versioned, publishable units.","manifest spec, package build, signature, install/upgrade lifecycle","Ship behind feature flag, collect telemetry, and run controlled beta with acceptance gates.","Current Friday codebase, existing API/runtime contracts, platform vision constraints.","agent package format, package CLI/API, integrity verifier",DevOps/SRE Engineer,Product Manager; QA Engineer; Security Engineer; DevOps Engineer,P1,5,2.5,FRI-PLAT-058; EPIC-SEC tenant isolation complete,Beta metrics dashboard active; SLO and error budget monitored daily.,Synthetic probes + canary tests + weekly beta triage log.,Package install success > 99%; signature verification coverage 100%; rollback success > 99%.,Silent production failures.,Canary rollout + automatic rollback thresholds.,2026-Q3,Planned
FRI-PLAT-060,EPIC-PKG,PKG,Agent Package and Publishing,Phase-6 Launch Readiness (Weeks 21-24),Platform,Launch Runbook and Handover,Agent Package and Publishing — Launch Runbook and Handover,"Package agent capabilities as signed, versioned, publishable units.","manifest spec, package build, signature, install/upgrade lifecycle","Prepare production launch checklist, support playbooks, and ownership handover.","Current Friday codebase, existing API/runtime contracts, platform vision constraints.","agent package format, package CLI/API, integrity verifier",Release Manager,Product Manager; QA Engineer; Security Engineer; DevOps Engineer,P1,3,1.5,FRI-PLAT-059,Runbook published; on-call training complete; launch gates automated.,Game-day simulation + incident drill + go/no-go checklist pass.,Package install success > 99%; signature verification coverage 100%; rollback success > 99%.,Operational unpreparedness at launch.,Runbook automation and escalation tree validation.,2026-Q3,Planned
FRI-PLAT-061,EPIC-SEC,SEC,Multi-Tenant Security and Permissions,Phase-1 Foundations (Weeks 1-4),Platform,Product/Architecture Spec,Multi-Tenant Security and Permissions — Product/Architecture Spec,Guarantee workspace isolation and least-privilege execution.,"tenant/workspace model, secret scoping, policy-based permissions",Define product and technical contract for this workstream with edge cases and out-of-scope boundaries.,"Current Friday codebase, existing API/runtime contracts, platform vision constraints.","tenant RBAC model, scoped credential store, policy enforcement",Principal Engineer,Product Manager; QA Engineer; Security Engineer; DevOps Engineer,P0,3,1.5,none,"Architecture RFC, sequence diagrams, explicit NFRs approved.",Design review checklist passed; architecture doc lint + peer review complete.,Cross-tenant access violations = 0; secret exposure incidents = 0; permission-denied audit coverage 100%.,Architecture drift after implementation.,Weekly design-review gate + ADR updates.,2026-Q3,Planned
FRI-PLAT-062,EPIC-SEC,SEC,Multi-Tenant Security and Permissions,Phase-1 Foundations (Weeks 1-4),Platform,Domain Model and Data Contract,Multi-Tenant Security and Permissions — Domain Model and Data Contract,Guarantee workspace isolation and least-privilege execution.,"tenant/workspace model, secret scoping, policy-based permissions","Define canonical entities, schemas, and persistence layout with versioning strategy.","Current Friday codebase, existing API/runtime contracts, platform vision constraints.","tenant RBAC model, scoped credential store, policy enforcement",Backend Engineer (Data),Product Manager; QA Engineer; Security Engineer; DevOps Engineer,P0,5,2.5,FRI-PLAT-061,Schema package merged; migration plan approved; backward compatibility documented.,Schema contract tests and migration dry-run against snapshot DB.,Cross-tenant access violations = 0; secret exposure incidents = 0; permission-denied audit coverage 100%.,Breaking schema evolution.,Introduce versioned schema and compatibility tests.,2026-Q3,Planned
FRI-PLAT-063,EPIC-SEC,SEC,Multi-Tenant Security and Permissions,Phase-1 Foundations (Weeks 1-4),Platform,API and SDK Contract,Multi-Tenant Security and Permissions — API and SDK Contract,Guarantee workspace isolation and least-privilege execution.,"tenant/workspace model, secret scoping, policy-based permissions",Define external/internal APIs and SDK methods including error model and idempotency keys.,"Current Friday codebase, existing API/runtime contracts, platform vision constraints.","tenant RBAC model, scoped credential store, policy enforcement",Backend Engineer (API),Product Manager; QA Engineer; Security Engineer; DevOps Engineer,P0,5,2.5,FRI-PLAT-062,OpenAPI/TS types generated; standardized error codes and retry hints present.,Contract tests and SDK compile checks pass in CI.,Cross-tenant access violations = 0; secret exposure incidents = 0; permission-denied audit coverage 100%.,Inconsistent API behavior across modules.,Contract-first generation + shared validator middleware.,2026-Q3,Planned
FRI-PLAT-064,EPIC-SEC,SEC,Multi-Tenant Security and Permissions,Phase-2 Runtime Hardening (Weeks 5-8),Platform,Core Runtime Implementation,Multi-Tenant Security and Permissions — Core Runtime Implementation,Guarantee workspace isolation and least-privilege execution.,"tenant/workspace model, secret scoping, policy-based permissions",Build core runtime logic and integration with existing Friday modules.,"Current Friday codebase, existing API/runtime contracts, platform vision constraints.","tenant RBAC model, scoped credential store, policy enforcement",Backend Engineer (Runtime),Product Manager; QA Engineer; Security Engineer; DevOps Engineer,P0,8,4.0,FRI-PLAT-063,Core path implemented with deterministic state transitions and rollback safety.,Unit tests for state machine transitions and failure paths.,Cross-tenant access violations = 0; secret exposure incidents = 0; permission-denied audit coverage 100%.,Runtime regressions under concurrency.,Feature flags + dark launch before default enable.,2026-Q3,Planned
FRI-PLAT-065,EPIC-SEC,SEC,Multi-Tenant Security and Permissions,Phase-2 Runtime Hardening (Weeks 5-8),Platform,UI and Operator Controls,Multi-Tenant Security and Permissions — UI and Operator Controls,Guarantee workspace isolation and least-privilege execution.,"tenant/workspace model, secret scoping, policy-based permissions",Add operator-facing controls and views with beginner-friendly defaults and safe guardrails.,"Current Friday codebase, existing API/runtime contracts, platform vision constraints.","tenant RBAC model, scoped credential store, policy enforcement",Frontend Engineer (UX),Product Manager; QA Engineer; Security Engineer; DevOps Engineer,P1,5,2.5,FRI-PLAT-064,UI flow complete; unsupported actions hidden; inline help + defaults provided.,Component tests + accessibility smoke + UX script validation.,Cross-tenant access violations = 0; secret exposure incidents = 0; permission-denied audit coverage 100%.,UI exposes unsafe operations.,Capability gating and policy-based button states.,2026-Q3,Planned
FRI-PLAT-066,EPIC-SEC,SEC,Multi-Tenant Security and Permissions,Phase-3 Governance (Weeks 9-12),Platform,Security and Permission Model,Multi-Tenant Security and Permissions — Security and Permission Model,Guarantee workspace isolation and least-privilege execution.,"tenant/workspace model, secret scoping, policy-based permissions","Implement permission boundaries, secret handling, and policy enforcement for this stream.","Current Friday codebase, existing API/runtime contracts, platform vision constraints.","tenant RBAC model, scoped credential store, policy enforcement",Security Engineer,Product Manager; QA Engineer; Security Engineer; DevOps Engineer,P0,5,2.5,FRI-PLAT-065,Least-privilege model enforced; denied operations are explicit and audited.,RBAC matrix tests + penetration checklist + negative tests.,Cross-tenant access violations = 0; secret exposure incidents = 0; permission-denied audit coverage 100%.,Privilege escalation or data leakage.,Deny-by-default policy and scoped credentials.,2026-Q3,Planned
FRI-PLAT-067,EPIC-SEC,SEC,Multi-Tenant Security and Permissions,Phase-3 Governance (Weeks 9-12),Platform,"Migration, Backfill, and Compatibility","Multi-Tenant Security and Permissions — Migration, Backfill, and Compatibility",Guarantee workspace isolation and least-privilege execution.,"tenant/workspace model, secret scoping, policy-based permissions","Deliver migration scripts, data backfill logic, and compatibility window strategy.","Current Friday codebase, existing API/runtime contracts, platform vision constraints.","tenant RBAC model, scoped credential store, policy enforcement",Backend Engineer (Platform),Product Manager; QA Engineer; Security Engineer; DevOps Engineer,P1,5,2.5,FRI-PLAT-066,Zero-loss migration dry run; rollback path documented and tested.,Migration chain tests + rollback simulation in staging.,Cross-tenant access violations = 0; secret exposure incidents = 0; permission-denied audit coverage 100%.,Data corruption during upgrade.,Transactional migration + checksums + backup gate.,2026-Q3,Planned
FRI-PLAT-068,EPIC-SEC,SEC,Multi-Tenant Security and Permissions,Phase-4 Validation (Weeks 13-16),Platform,Automated Test Matrix,Multi-Tenant Security and Permissions — Automated Test Matrix,Guarantee workspace isolation and least-privilege execution.,"tenant/workspace model, secret scoping, policy-based permissions",Build comprehensive unit/integration/e2e suites for critical paths and edge cases.,"Current Friday codebase, existing API/runtime contracts, platform vision constraints.","tenant RBAC model, scoped credential store, policy enforcement",QA Automation Engineer,Product Manager; QA Engineer; Security Engineer; DevOps Engineer,P1,8,4.0,FRI-PLAT-067,Coverage target met for critical modules; flaky test budget under threshold.,CI matrix green across macOS/Linux + sqlite snapshots.,Cross-tenant access violations = 0; secret exposure incidents = 0; permission-denied audit coverage 100%.,False confidence due to shallow tests.,Property tests and adversarial scenario suites.,2026-Q3,Planned
FRI-PLAT-069,EPIC-SEC,SEC,Multi-Tenant Security and Permissions,Phase-5 Beta Rollout (Weeks 17-20),Platform,Beta Rollout and Telemetry,Multi-Tenant Security and Permissions — Beta Rollout and Telemetry,Guarantee workspace isolation and least-privilege execution.,"tenant/workspace model, secret scoping, policy-based permissions","Ship behind feature flag, collect telemetry, and run controlled beta with acceptance gates.","Current Friday codebase, existing API/runtime contracts, platform vision constraints.","tenant RBAC model, scoped credential store, policy enforcement",DevOps/SRE Engineer,Product Manager; QA Engineer; Security Engineer; DevOps Engineer,P1,5,2.5,FRI-PLAT-068,Beta metrics dashboard active; SLO and error budget monitored daily.,Synthetic probes + canary tests + weekly beta triage log.,Cross-tenant access violations = 0; secret exposure incidents = 0; permission-denied audit coverage 100%.,Silent production failures.,Canary rollout + automatic rollback thresholds.,2026-Q3,Planned
FRI-PLAT-070,EPIC-SEC,SEC,Multi-Tenant Security and Permissions,Phase-6 Launch Readiness (Weeks 21-24),Platform,Launch Runbook and Handover,Multi-Tenant Security and Permissions — Launch Runbook and Handover,Guarantee workspace isolation and least-privilege execution.,"tenant/workspace model, secret scoping, policy-based permissions","Prepare production launch checklist, support playbooks, and ownership handover.","Current Friday codebase, existing API/runtime contracts, platform vision constraints.","tenant RBAC model, scoped credential store, policy enforcement",Release Manager,Product Manager; QA Engineer; Security Engineer; DevOps Engineer,P1,3,1.5,FRI-PLAT-069,Runbook published; on-call training complete; launch gates automated.,Game-day simulation + incident drill + go/no-go checklist pass.,Cross-tenant access violations = 0; secret exposure incidents = 0; permission-denied audit coverage 100%.,Operational unpreparedness at launch.,Runbook automation and escalation tree validation.,2026-Q3,Planned
FRI-PLAT-071,EPIC-DSK,DSK,Desktop Control Runtime,Phase-1 Foundations (Weeks 1-4),Platform,Product/Architecture Spec,Desktop Control Runtime — Product/Architecture Spec,Provide controlled desktop automation across macOS/Windows/Linux.,"AppleScript/COM/xdotool adapters, permission prompts, sandbox boundaries",Define product and technical contract for this workstream with edge cases and out-of-scope boundaries.,"Current Friday codebase, existing API/runtime contracts, platform vision constraints.","desktop tool runtime, action recorder, desktop policy pack",Principal Engineer,Product Manager; QA Engineer; Security Engineer; DevOps Engineer,P0,3,1.5,none,"Architecture RFC, sequence diagrams, explicit NFRs approved.",Design review checklist passed; architecture doc lint + peer review complete.,Desktop action success > 95% in supported apps; unsafe action blocks 100%; human-confirm override logged 100%.,Architecture drift after implementation.,Weekly design-review gate + ADR updates.,2026-Q3,Planned
FRI-PLAT-072,EPIC-DSK,DSK,Desktop Control Runtime,Phase-1 Foundations (Weeks 1-4),Platform,Domain Model and Data Contract,Desktop Control Runtime — Domain Model and Data Contract,Provide controlled desktop automation across macOS/Windows/Linux.,"AppleScript/COM/xdotool adapters, permission prompts, sandbox boundaries","Define canonical entities, schemas, and persistence layout with versioning strategy.","Current Friday codebase, existing API/runtime contracts, platform vision constraints.","desktop tool runtime, action recorder, desktop policy pack",Backend Engineer (Data),Product Manager; QA Engineer; Security Engineer; DevOps Engineer,P0,5,2.5,FRI-PLAT-071,Schema package merged; migration plan approved; backward compatibility documented.,Schema contract tests and migration dry-run against snapshot DB.,Desktop action success > 95% in supported apps; unsafe action blocks 100%; human-confirm override logged 100%.,Breaking schema evolution.,Introduce versioned schema and compatibility tests.,2026-Q3,Planned
FRI-PLAT-073,EPIC-DSK,DSK,Desktop Control Runtime,Phase-1 Foundations (Weeks 1-4),Platform,API and SDK Contract,Desktop Control Runtime — API and SDK Contract,Provide controlled desktop automation across macOS/Windows/Linux.,"AppleScript/COM/xdotool adapters, permission prompts, sandbox boundaries",Define external/internal APIs and SDK methods including error model and idempotency keys.,"Current Friday codebase, existing API/runtime contracts, platform vision constraints.","desktop tool runtime, action recorder, desktop policy pack",Backend Engineer (API),Product Manager; QA Engineer; Security Engineer; DevOps Engineer,P0,5,2.5,FRI-PLAT-072,OpenAPI/TS types generated; standardized error codes and retry hints present.,Contract tests and SDK compile checks pass in CI.,Desktop action success > 95% in supported apps; unsafe action blocks 100%; human-confirm override logged 100%.,Inconsistent API behavior across modules.,Contract-first generation + shared validator middleware.,2026-Q3,Planned
FRI-PLAT-074,EPIC-DSK,DSK,Desktop Control Runtime,Phase-2 Runtime Hardening (Weeks 5-8),Platform,Core Runtime Implementation,Desktop Control Runtime — Core Runtime Implementation,Provide controlled desktop automation across macOS/Windows/Linux.,"AppleScript/COM/xdotool adapters, permission prompts, sandbox boundaries",Build core runtime logic and integration with existing Friday modules.,"Current Friday codebase, existing API/runtime contracts, platform vision constraints.","desktop tool runtime, action recorder, desktop policy pack",Backend Engineer (Runtime),Product Manager; QA Engineer; Security Engineer; DevOps Engineer,P0,8,4.0,FRI-PLAT-073,Core path implemented with deterministic state transitions and rollback safety.,Unit tests for state machine transitions and failure paths.,Desktop action success > 95% in supported apps; unsafe action blocks 100%; human-confirm override logged 100%.,Runtime regressions under concurrency.,Feature flags + dark launch before default enable.,2026-Q3,Planned
FRI-PLAT-075,EPIC-DSK,DSK,Desktop Control Runtime,Phase-2 Runtime Hardening (Weeks 5-8),Platform,UI and Operator Controls,Desktop Control Runtime — UI and Operator Controls,Provide controlled desktop automation across macOS/Windows/Linux.,"AppleScript/COM/xdotool adapters, permission prompts, sandbox boundaries",Add operator-facing controls and views with beginner-friendly defaults and safe guardrails.,"Current Friday codebase, existing API/runtime contracts, platform vision constraints.","desktop tool runtime, action recorder, desktop policy pack",Frontend Engineer (UX),Product Manager; QA Engineer; Security Engineer; DevOps Engineer,P1,5,2.5,FRI-PLAT-074,UI flow complete; unsupported actions hidden; inline help + defaults provided.,Component tests + accessibility smoke + UX script validation.,Desktop action success > 95% in supported apps; unsafe action blocks 100%; human-confirm override logged 100%.,UI exposes unsafe operations.,Capability gating and policy-based button states.,2026-Q3,Planned
FRI-PLAT-076,EPIC-DSK,DSK,Desktop Control Runtime,Phase-3 Governance (Weeks 9-12),Platform,Security and Permission Model,Desktop Control Runtime — Security and Permission Model,Provide controlled desktop automation across macOS/Windows/Linux.,"AppleScript/COM/xdotool adapters, permission prompts, sandbox boundaries","Implement permission boundaries, secret handling, and policy enforcement for this stream.","Current Friday codebase, existing API/runtime contracts, platform vision constraints.","desktop tool runtime, action recorder, desktop policy pack",Security Engineer,Product Manager; QA Engineer; Security Engineer; DevOps Engineer,P0,5,2.5,FRI-PLAT-075; EPIC-SEC policy runtime enabled,Least-privilege model enforced; denied operations are explicit and audited.,RBAC matrix tests + penetration checklist + negative tests.,Desktop action success > 95% in supported apps; unsafe action blocks 100%; human-confirm override logged 100%.,Privilege escalation or data leakage.,Deny-by-default policy and scoped credentials.,2026-Q3,Planned
FRI-PLAT-077,EPIC-DSK,DSK,Desktop Control Runtime,Phase-3 Governance (Weeks 9-12),Platform,"Migration, Backfill, and Compatibility","Desktop Control Runtime — Migration, Backfill, and Compatibility",Provide controlled desktop automation across macOS/Windows/Linux.,"AppleScript/COM/xdotool adapters, permission prompts, sandbox boundaries","Deliver migration scripts, data backfill logic, and compatibility window strategy.","Current Friday codebase, existing API/runtime contracts, platform vision constraints.","desktop tool runtime, action recorder, desktop policy pack",Backend Engineer (Platform),Product Manager; QA Engineer; Security Engineer; DevOps Engineer,P1,5,2.5,FRI-PLAT-076,Zero-loss migration dry run; rollback path documented and tested.,Migration chain tests + rollback simulation in staging.,Desktop action success > 95% in supported apps; unsafe action blocks 100%; human-confirm override logged 100%.,Data corruption during upgrade.,Transactional migration + checksums + backup gate.,2026-Q3,Planned
FRI-PLAT-078,EPIC-DSK,DSK,Desktop Control Runtime,Phase-4 Validation (Weeks 13-16),Platform,Automated Test Matrix,Desktop Control Runtime — Automated Test Matrix,Provide controlled desktop automation across macOS/Windows/Linux.,"AppleScript/COM/xdotool adapters, permission prompts, sandbox boundaries",Build comprehensive unit/integration/e2e suites for critical paths and edge cases.,"Current Friday codebase, existing API/runtime contracts, platform vision constraints.","desktop tool runtime, action recorder, desktop policy pack",QA Automation Engineer,Product Manager; QA Engineer; Security Engineer; DevOps Engineer,P1,8,4.0,FRI-PLAT-077,Coverage target met for critical modules; flaky test budget under threshold.,CI matrix green across macOS/Linux + sqlite snapshots.,Desktop action success > 95% in supported apps; unsafe action blocks 100%; human-confirm override logged 100%.,False confidence due to shallow tests.,Property tests and adversarial scenario suites.,2026-Q3,Planned
FRI-PLAT-079,EPIC-DSK,DSK,Desktop Control Runtime,Phase-5 Beta Rollout (Weeks 17-20),Platform,Beta Rollout and Telemetry,Desktop Control Runtime — Beta Rollout and Telemetry,Provide controlled desktop automation across macOS/Windows/Linux.,"AppleScript/COM/xdotool adapters, permission prompts, sandbox boundaries","Ship behind feature flag, collect telemetry, and run controlled beta with acceptance gates.","Current Friday codebase, existing API/runtime contracts, platform vision constraints.","desktop tool runtime, action recorder, desktop policy pack",DevOps/SRE Engineer,Product Manager; QA Engineer; Security Engineer; DevOps Engineer,P1,5,2.5,FRI-PLAT-078; EPIC-SEC policy runtime enabled,Beta metrics dashboard active; SLO and error budget monitored daily.,Synthetic probes + canary tests + weekly beta triage log.,Desktop action success > 95% in supported apps; unsafe action blocks 100%; human-confirm override logged 100%.,Silent production failures.,Canary rollout + automatic rollback thresholds.,2026-Q3,Planned
FRI-PLAT-080,EPIC-DSK,DSK,Desktop Control Runtime,Phase-6 Launch Readiness (Weeks 21-24),Platform,Launch Runbook and Handover,Desktop Control Runtime — Launch Runbook and Handover,Provide controlled desktop automation across macOS/Windows/Linux.,"AppleScript/COM/xdotool adapters, permission prompts, sandbox boundaries","Prepare production launch checklist, support playbooks, and ownership handover.","Current Friday codebase, existing API/runtime contracts, platform vision constraints.","desktop tool runtime, action recorder, desktop policy pack",Release Manager,Product Manager; QA Engineer; Security Engineer; DevOps Engineer,P1,3,1.5,FRI-PLAT-079,Runbook published; on-call training complete; launch gates automated.,Game-day simulation + incident drill + go/no-go checklist pass.,Desktop action success > 95% in supported apps; unsafe action blocks 100%; human-confirm override logged 100%.,Operational unpreparedness at launch.,Runbook automation and escalation tree validation.,2026-Q3,Planned
FRI-PLAT-081,EPIC-CNV,CNV,Universal Converter Platform,Phase-1 Foundations (Weeks 1-4),Platform,Product/Architecture Spec,Universal Converter Platform — Product/Architecture Spec,Convert repos/APIs/web flows/open-source skills into Friday skills reliably.,"converter interfaces, quality checks, import wizard and repair flow",Define product and technical contract for this workstream with edge cases and out-of-scope boundaries.,"Current Friday codebase, existing API/runtime contracts, platform vision constraints.","converter pipeline, converter QA, import diagnostics",Principal Engineer,Product Manager; QA Engineer; Security Engineer; DevOps Engineer,P0,3,1.5,none,"Architecture RFC, sequence diagrams, explicit NFRs approved.",Design review checklist passed; architecture doc lint + peer review complete.,Conversion success > 80% on supported sources; post-conversion runtime pass > 90%; manual patch rate trending down.,Architecture drift after implementation.,Weekly design-review gate + ADR updates.,2026-Q3,Planned
FRI-PLAT-082,EPIC-CNV,CNV,Universal Converter Platform,Phase-1 Foundations (Weeks 1-4),Platform,Domain Model and Data Contract,Universal Converter Platform — Domain Model and Data Contract,Convert repos/APIs/web flows/open-source skills into Friday skills reliably.,"converter interfaces, quality checks, import wizard and repair flow","Define canonical entities, schemas, and persistence layout with versioning strategy.","Current Friday codebase, existing API/runtime contracts, platform vision constraints.","converter pipeline, converter QA, import diagnostics",Backend Engineer (Data),Product Manager; QA Engineer; Security Engineer; DevOps Engineer,P0,5,2.5,FRI-PLAT-081,Schema package merged; migration plan approved; backward compatibility documented.,Schema contract tests and migration dry-run against snapshot DB.,Conversion success > 80% on supported sources; post-conversion runtime pass > 90%; manual patch rate trending down.,Breaking schema evolution.,Introduce versioned schema and compatibility tests.,2026-Q3,Planned
FRI-PLAT-083,EPIC-CNV,CNV,Universal Converter Platform,Phase-1 Foundations (Weeks 1-4),Platform,API and SDK Contract,Universal Converter Platform — API and SDK Contract,Convert repos/APIs/web flows/open-source skills into Friday skills reliably.,"converter interfaces, quality checks, import wizard and repair flow",Define external/internal APIs and SDK methods including error model and idempotency keys.,"Current Friday codebase, existing API/runtime contracts, platform vision constraints.","converter pipeline, converter QA, import diagnostics",Backend Engineer (API),Product Manager; QA Engineer; Security Engineer; DevOps Engineer,P0,5,2.5,FRI-PLAT-082,OpenAPI/TS types generated; standardized error codes and retry hints present.,Contract tests and SDK compile checks pass in CI.,Conversion success > 80% on supported sources; post-conversion runtime pass > 90%; manual patch rate trending down.,Inconsistent API behavior across modules.,Contract-first generation + shared validator middleware.,2026-Q3,Planned
FRI-PLAT-084,EPIC-CNV,CNV,Universal Converter Platform,Phase-2 Runtime Hardening (Weeks 5-8),Platform,Core Runtime Implementation,Universal Converter Platform — Core Runtime Implementation,Convert repos/APIs/web flows/open-source skills into Friday skills reliably.,"converter interfaces, quality checks, import wizard and repair flow",Build core runtime logic and integration with existing Friday modules.,"Current Friday codebase, existing API/runtime contracts, platform vision constraints.","converter pipeline, converter QA, import diagnostics",Backend Engineer (Runtime),Product Manager; QA Engineer; Security Engineer; DevOps Engineer,P0,8,4.0,FRI-PLAT-083,Core path implemented with deterministic state transitions and rollback safety.,Unit tests for state machine transitions and failure paths.,Conversion success > 80% on supported sources; post-conversion runtime pass > 90%; manual patch rate trending down.,Runtime regressions under concurrency.,Feature flags + dark launch before default enable.,2026-Q3,Planned
FRI-PLAT-085,EPIC-CNV,CNV,Universal Converter Platform,Phase-2 Runtime Hardening (Weeks 5-8),Platform,UI and Operator Controls,Universal Converter Platform — UI and Operator Controls,Convert repos/APIs/web flows/open-source skills into Friday skills reliably.,"converter interfaces, quality checks, import wizard and repair flow",Add operator-facing controls and views with beginner-friendly defaults and safe guardrails.,"Current Friday codebase, existing API/runtime contracts, platform vision constraints.","converter pipeline, converter QA, import diagnostics",Frontend Engineer (UX),Product Manager; QA Engineer; Security Engineer; DevOps Engineer,P1,5,2.5,FRI-PLAT-084,UI flow complete; unsupported actions hidden; inline help + defaults provided.,Component tests + accessibility smoke + UX script validation.,Conversion success > 80% on supported sources; post-conversion runtime pass > 90%; manual patch rate trending down.,UI exposes unsafe operations.,Capability gating and policy-based button states.,2026-Q3,Planned
FRI-PLAT-086,EPIC-CNV,CNV,Universal Converter Platform,Phase-3 Governance (Weeks 9-12),Platform,Security and Permission Model,Universal Converter Platform — Security and Permission Model,Convert repos/APIs/web flows/open-source skills into Friday skills reliably.,"converter interfaces, quality checks, import wizard and repair flow","Implement permission boundaries, secret handling, and policy enforcement for this stream.","Current Friday codebase, existing API/runtime contracts, platform vision constraints.","converter pipeline, converter QA, import diagnostics",Security Engineer,Product Manager; QA Engineer; Security Engineer; DevOps Engineer,P0,5,2.5,FRI-PLAT-085,Least-privilege model enforced; denied operations are explicit and audited.,RBAC matrix tests + penetration checklist + negative tests.,Conversion success > 80% on supported sources; post-conversion runtime pass > 90%; manual patch rate trending down.,Privilege escalation or data leakage.,Deny-by-default policy and scoped credentials.,2026-Q3,Planned
FRI-PLAT-087,EPIC-CNV,CNV,Universal Converter Platform,Phase-3 Governance (Weeks 9-12),Platform,"Migration, Backfill, and Compatibility","Universal Converter Platform — Migration, Backfill, and Compatibility",Convert repos/APIs/web flows/open-source skills into Friday skills reliably.,"converter interfaces, quality checks, import wizard and repair flow","Deliver migration scripts, data backfill logic, and compatibility window strategy.","Current Friday codebase, existing API/runtime contracts, platform vision constraints.","converter pipeline, converter QA, import diagnostics",Backend Engineer (Platform),Product Manager; QA Engineer; Security Engineer; DevOps Engineer,P1,5,2.5,FRI-PLAT-086,Zero-loss migration dry run; rollback path documented and tested.,Migration chain tests + rollback simulation in staging.,Conversion success > 80% on supported sources; post-conversion runtime pass > 90%; manual patch rate trending down.,Data corruption during upgrade.,Transactional migration + checksums + backup gate.,2026-Q3,Planned
FRI-PLAT-088,EPIC-CNV,CNV,Universal Converter Platform,Phase-4 Validation (Weeks 13-16),Platform,Automated Test Matrix,Universal Converter Platform — Automated Test Matrix,Convert repos/APIs/web flows/open-source skills into Friday skills reliably.,"converter interfaces, quality checks, import wizard and repair flow",Build comprehensive unit/integration/e2e suites for critical paths and edge cases.,"Current Friday codebase, existing API/runtime contracts, platform vision constraints.","converter pipeline, converter QA, import diagnostics",QA Automation Engineer,Product Manager; QA Engineer; Security Engineer; DevOps Engineer,P1,8,4.0,FRI-PLAT-087,Coverage target met for critical modules; flaky test budget under threshold.,CI matrix green across macOS/Linux + sqlite snapshots.,Conversion success > 80% on supported sources; post-conversion runtime pass > 90%; manual patch rate trending down.,False confidence due to shallow tests.,Property tests and adversarial scenario suites.,2026-Q3,Planned
FRI-PLAT-089,EPIC-CNV,CNV,Universal Converter Platform,Phase-5 Beta Rollout (Weeks 17-20),Platform,Beta Rollout and Telemetry,Universal Converter Platform — Beta Rollout and Telemetry,Convert repos/APIs/web flows/open-source skills into Friday skills reliably.,"converter interfaces, quality checks, import wizard and repair flow","Ship behind feature flag, collect telemetry, and run controlled beta with acceptance gates.","Current Friday codebase, existing API/runtime contracts, platform vision constraints.","converter pipeline, converter QA, import diagnostics",DevOps/SRE Engineer,Product Manager; QA Engineer; Security Engineer; DevOps Engineer,P1,5,2.5,FRI-PLAT-088,Beta metrics dashboard active; SLO and error budget monitored daily.,Synthetic probes + canary tests + weekly beta triage log.,Conversion success > 80% on supported sources; post-conversion runtime pass > 90%; manual patch rate trending down.,Silent production failures.,Canary rollout + automatic rollback thresholds.,2026-Q3,Planned
FRI-PLAT-090,EPIC-CNV,CNV,Universal Converter Platform,Phase-6 Launch Readiness (Weeks 21-24),Platform,Launch Runbook and Handover,Universal Converter Platform — Launch Runbook and Handover,Convert repos/APIs/web flows/open-source skills into Friday skills reliably.,"converter interfaces, quality checks, import wizard and repair flow","Prepare production launch checklist, support playbooks, and ownership handover.","Current Friday codebase, existing API/runtime contracts, platform vision constraints.","converter pipeline, converter QA, import diagnostics",Release Manager,Product Manager; QA Engineer; Security Engineer; DevOps Engineer,P1,3,1.5,FRI-PLAT-089,Runbook published; on-call training complete; launch gates automated.,Game-day simulation + incident drill + go/no-go checklist pass.,Conversion success > 80% on supported sources; post-conversion runtime pass > 90%; manual patch rate trending down.,Operational unpreparedness at launch.,Runbook automation and escalation tree validation.,2026-Q3,Planned
FRI-PLAT-091,EPIC-MKT,MKT,Marketplace and Commerce,Phase-1 Foundations (Weeks 1-4),Platform,Product/Architecture Spec,Marketplace and Commerce — Product/Architecture Spec,"Enable creators to publish, rent, and sell agent packages safely.","listing lifecycle, pricing plans, subscription entitlements, payout ledger",Define product and technical contract for this workstream with edge cases and out-of-scope boundaries.,"Current Friday codebase, existing API/runtime contracts, platform vision constraints.","marketplace APIs/UI, billing hooks, payout reporting",Principal Engineer,Product Manager; QA Engineer; Security Engineer; DevOps Engineer,P0,3,1.5,none,"Architecture RFC, sequence diagrams, explicit NFRs approved.",Design review checklist passed; architecture doc lint + peer review complete.,Listing publish success > 99%; entitlement check accuracy 100%; payout reconciliation mismatch < 0.1%.,Architecture drift after implementation.,Weekly design-review gate + ADR updates.,2026-Q4,Planned
FRI-PLAT-092,EPIC-MKT,MKT,Marketplace and Commerce,Phase-1 Foundations (Weeks 1-4),Platform,Domain Model and Data Contract,Marketplace and Commerce — Domain Model and Data Contract,"Enable creators to publish, rent, and sell agent packages safely.","listing lifecycle, pricing plans, subscription entitlements, payout ledger","Define canonical entities, schemas, and persistence layout with versioning strategy.","Current Friday codebase, existing API/runtime contracts, platform vision constraints.","marketplace APIs/UI, billing hooks, payout reporting",Backend Engineer (Data),Product Manager; QA Engineer; Security Engineer; DevOps Engineer,P0,5,2.5,FRI-PLAT-091,Schema package merged; migration plan approved; backward compatibility documented.,Schema contract tests and migration dry-run against snapshot DB.,Listing publish success > 99%; entitlement check accuracy 100%; payout reconciliation mismatch < 0.1%.,Breaking schema evolution.,Introduce versioned schema and compatibility tests.,2026-Q4,Planned
FRI-PLAT-093,EPIC-MKT,MKT,Marketplace and Commerce,Phase-1 Foundations (Weeks 1-4),Platform,API and SDK Contract,Marketplace and Commerce — API and SDK Contract,"Enable creators to publish, rent, and sell agent packages safely.","listing lifecycle, pricing plans, subscription entitlements, payout ledger",Define external/internal APIs and SDK methods including error model and idempotency keys.,"Current Friday codebase, existing API/runtime contracts, platform vision constraints.","marketplace APIs/UI, billing hooks, payout reporting",Backend Engineer (API),Product Manager; QA Engineer; Security Engineer; DevOps Engineer,P0,5,2.5,FRI-PLAT-092,OpenAPI/TS types generated; standardized error codes and retry hints present.,Contract tests and SDK compile checks pass in CI.,Listing publish success > 99%; entitlement check accuracy 100%; payout reconciliation mismatch < 0.1%.,Inconsistent API behavior across modules.,Contract-first generation + shared validator middleware.,2026-Q4,Planned
FRI-PLAT-094,EPIC-MKT,MKT,Marketplace and Commerce,Phase-2 Runtime Hardening (Weeks 5-8),Platform,Core Runtime Implementation,Marketplace and Commerce — Core Runtime Implementation,"Enable creators to publish, rent, and sell agent packages safely.","listing lifecycle, pricing plans, subscription entitlements, payout ledger",Build core runtime logic and integration with existing Friday modules.,"Current Friday codebase, existing API/runtime contracts, platform vision constraints.","marketplace APIs/UI, billing hooks, payout reporting",Backend Engineer (Runtime),Product Manager; QA Engineer; Security Engineer; DevOps Engineer,P0,8,4.0,FRI-PLAT-093; EPIC-SEC tenant isolation complete,Core path implemented with deterministic state transitions and rollback safety.,Unit tests for state machine transitions and failure paths.,Listing publish success > 99%; entitlement check accuracy 100%; payout reconciliation mismatch < 0.1%.,Runtime regressions under concurrency.,Feature flags + dark launch before default enable.,2026-Q4,Planned
FRI-PLAT-095,EPIC-MKT,MKT,Marketplace and Commerce,Phase-2 Runtime Hardening (Weeks 5-8),Platform,UI and Operator Controls,Marketplace and Commerce — UI and Operator Controls,"Enable creators to publish, rent, and sell agent packages safely.","listing lifecycle, pricing plans, subscription entitlements, payout ledger",Add operator-facing controls and views with beginner-friendly defaults and safe guardrails.,"Current Friday codebase, existing API/runtime contracts, platform vision constraints.","marketplace APIs/UI, billing hooks, payout reporting",Frontend Engineer (UX),Product Manager; QA Engineer; Security Engineer; DevOps Engineer,P1,5,2.5,FRI-PLAT-094,UI flow complete; unsupported actions hidden; inline help + defaults provided.,Component tests + accessibility smoke + UX script validation.,Listing publish success > 99%; entitlement check accuracy 100%; payout reconciliation mismatch < 0.1%.,UI exposes unsafe operations.,Capability gating and policy-based button states.,2026-Q4,Planned
FRI-PLAT-096,EPIC-MKT,MKT,Marketplace and Commerce,Phase-3 Governance (Weeks 9-12),Platform,Security and Permission Model,Marketplace and Commerce — Security and Permission Model,"Enable creators to publish, rent, and sell agent packages safely.","listing lifecycle, pricing plans, subscription entitlements, payout ledger","Implement permission boundaries, secret handling, and policy enforcement for this stream.","Current Friday codebase, existing API/runtime contracts, platform vision constraints.","marketplace APIs/UI, billing hooks, payout reporting",Security Engineer,Product Manager; QA Engineer; Security Engineer; DevOps Engineer,P0,5,2.5,FRI-PLAT-095,Least-privilege model enforced; denied operations are explicit and audited.,RBAC matrix tests + penetration checklist + negative tests.,Listing publish success > 99%; entitlement check accuracy 100%; payout reconciliation mismatch < 0.1%.,Privilege escalation or data leakage.,Deny-by-default policy and scoped credentials.,2026-Q4,Planned
FRI-PLAT-097,EPIC-MKT,MKT,Marketplace and Commerce,Phase-3 Governance (Weeks 9-12),Platform,"Migration, Backfill, and Compatibility","Marketplace and Commerce — Migration, Backfill, and Compatibility","Enable creators to publish, rent, and sell agent packages safely.","listing lifecycle, pricing plans, subscription entitlements, payout ledger","Deliver migration scripts, data backfill logic, and compatibility window strategy.","Current Friday codebase, existing API/runtime contracts, platform vision constraints.","marketplace APIs/UI, billing hooks, payout reporting",Backend Engineer (Platform),Product Manager; QA Engineer; Security Engineer; DevOps Engineer,P1,5,2.5,FRI-PLAT-096,Zero-loss migration dry run; rollback path documented and tested.,Migration chain tests + rollback simulation in staging.,Listing publish success > 99%; entitlement check accuracy 100%; payout reconciliation mismatch < 0.1%.,Data corruption during upgrade.,Transactional migration + checksums + backup gate.,2026-Q4,Planned
FRI-PLAT-098,EPIC-MKT,MKT,Marketplace and Commerce,Phase-4 Validation (Weeks 13-16),Platform,Automated Test Matrix,Marketplace and Commerce — Automated Test Matrix,"Enable creators to publish, rent, and sell agent packages safely.","listing lifecycle, pricing plans, subscription entitlements, payout ledger",Build comprehensive unit/integration/e2e suites for critical paths and edge cases.,"Current Friday codebase, existing API/runtime contracts, platform vision constraints.","marketplace APIs/UI, billing hooks, payout reporting",QA Automation Engineer,Product Manager; QA Engineer; Security Engineer; DevOps Engineer,P1,8,4.0,FRI-PLAT-097,Coverage target met for critical modules; flaky test budget under threshold.,CI matrix green across macOS/Linux + sqlite snapshots.,Listing publish success > 99%; entitlement check accuracy 100%; payout reconciliation mismatch < 0.1%.,False confidence due to shallow tests.,Property tests and adversarial scenario suites.,2026-Q4,Planned
FRI-PLAT-099,EPIC-MKT,MKT,Marketplace and Commerce,Phase-5 Beta Rollout (Weeks 17-20),Platform,Beta Rollout and Telemetry,Marketplace and Commerce — Beta Rollout and Telemetry,"Enable creators to publish, rent, and sell agent packages safely.","listing lifecycle, pricing plans, subscription entitlements, payout ledger","Ship behind feature flag, collect telemetry, and run controlled beta with acceptance gates.","Current Friday codebase, existing API/runtime contracts, platform vision constraints.","marketplace APIs/UI, billing hooks, payout reporting",DevOps/SRE Engineer,Product Manager; QA Engineer; Security Engineer; DevOps Engineer,P1,5,2.5,FRI-PLAT-098; EPIC-SEC tenant isolation complete,Beta metrics dashboard active; SLO and error budget monitored daily.,Synthetic probes + canary tests + weekly beta triage log.,Listing publish success > 99%; entitlement check accuracy 100%; payout reconciliation mismatch < 0.1%.,Silent production failures.,Canary rollout + automatic rollback thresholds.,2026-Q4,Planned
FRI-PLAT-100,EPIC-MKT,MKT,Marketplace and Commerce,Phase-6 Launch Readiness (Weeks 21-24),Platform,Launch Runbook and Handover,Marketplace and Commerce — Launch Runbook and Handover,"Enable creators to publish, rent, and sell agent packages safely.","listing lifecycle, pricing plans, subscription entitlements, payout ledger","Prepare production launch checklist, support playbooks, and ownership handover.","Current Friday codebase, existing API/runtime contracts, platform vision constraints.","marketplace APIs/UI, billing hooks, payout reporting",Release Manager,Product Manager; QA Engineer; Security Engineer; DevOps Engineer,P1,3,1.5,FRI-PLAT-099,Runbook published; on-call training complete; launch gates automated.,Game-day simulation + incident drill + go/no-go checklist pass.,Listing publish success > 99%; entitlement check accuracy 100%; payout reconciliation mismatch < 0.1%.,Operational unpreparedness at launch.,Runbook automation and escalation tree validation.,2026-Q4,Planned
FRI-PLAT-101,EPIC-UIX,UIX,Non-Builder Product UX,Phase-1 Foundations (Weeks 1-4),Platform,Product/Architecture Spec,Non-Builder Product UX — Product/Architecture Spec,Deliver a no-code conversational control center with one-click operations.,"chat-first workspace, buttonized commands, workflow/skill/task side panels",Define product and technical contract for this workstream with edge cases and out-of-scope boundaries.,"Current Friday codebase, existing API/runtime contracts, platform vision constraints.","new IA, guided flows, beginner-safe controls",Principal Engineer,Product Manager; QA Engineer; Security Engineer; DevOps Engineer,P0,3,1.5,none,"Architecture RFC, sequence diagrams, explicit NFRs approved.",Design review checklist passed; architecture doc lint + peer review complete.,Task completion time reduced by 30%; first-run success > 85%; critical UX dead-end rate < 1%.,Architecture drift after implementation.,Weekly design-review gate + ADR updates.,2026-Q2,Planned
FRI-PLAT-102,EPIC-UIX,UIX,Non-Builder Product UX,Phase-1 Foundations (Weeks 1-4),Platform,Domain Model and Data Contract,Non-Builder Product UX — Domain Model and Data Contract,Deliver a no-code conversational control center with one-click operations.,"chat-first workspace, buttonized commands, workflow/skill/task side panels","Define canonical entities, schemas, and persistence layout with versioning strategy.","Current Friday codebase, existing API/runtime contracts, platform vision constraints.","new IA, guided flows, beginner-safe controls",Backend Engineer (Data),Product Manager; QA Engineer; Security Engineer; DevOps Engineer,P0,5,2.5,FRI-PLAT-101,Schema package merged; migration plan approved; backward compatibility documented.,Schema contract tests and migration dry-run against snapshot DB.,Task completion time reduced by 30%; first-run success > 85%; critical UX dead-end rate < 1%.,Breaking schema evolution.,Introduce versioned schema and compatibility tests.,2026-Q2,Planned
FRI-PLAT-103,EPIC-UIX,UIX,Non-Builder Product UX,Phase-1 Foundations (Weeks 1-4),Platform,API and SDK Contract,Non-Builder Product UX — API and SDK Contract,Deliver a no-code conversational control center with one-click operations.,"chat-first workspace, buttonized commands, workflow/skill/task side panels",Define external/internal APIs and SDK methods including error model and idempotency keys.,"Current Friday codebase, existing API/runtime contracts, platform vision constraints.","new IA, guided flows, beginner-safe controls",Backend Engineer (API),Product Manager; QA Engineer; Security Engineer; DevOps Engineer,P0,5,2.5,FRI-PLAT-102,OpenAPI/TS types generated; standardized error codes and retry hints present.,Contract tests and SDK compile checks pass in CI.,Task completion time reduced by 30%; first-run success > 85%; critical UX dead-end rate < 1%.,Inconsistent API behavior across modules.,Contract-first generation + shared validator middleware.,2026-Q2,Planned
FRI-PLAT-104,EPIC-UIX,UIX,Non-Builder Product UX,Phase-2 Runtime Hardening (Weeks 5-8),Platform,Core Runtime Implementation,Non-Builder Product UX — Core Runtime Implementation,Deliver a no-code conversational control center with one-click operations.,"chat-first workspace, buttonized commands, workflow/skill/task side panels",Build core runtime logic and integration with existing Friday modules.,"Current Friday codebase, existing API/runtime contracts, platform vision constraints.","new IA, guided flows, beginner-safe controls",Backend Engineer (Runtime),Product Manager; QA Engineer; Security Engineer; DevOps Engineer,P0,8,4.0,FRI-PLAT-103,Core path implemented with deterministic state transitions and rollback safety.,Unit tests for state machine transitions and failure paths.,Task completion time reduced by 30%; first-run success > 85%; critical UX dead-end rate < 1%.,Runtime regressions under concurrency.,Feature flags + dark launch before default enable.,2026-Q2,Planned
FRI-PLAT-105,EPIC-UIX,UIX,Non-Builder Product UX,Phase-2 Runtime Hardening (Weeks 5-8),Platform,UI and Operator Controls,Non-Builder Product UX — UI and Operator Controls,Deliver a no-code conversational control center with one-click operations.,"chat-first workspace, buttonized commands, workflow/skill/task side panels",Add operator-facing controls and views with beginner-friendly defaults and safe guardrails.,"Current Friday codebase, existing API/runtime contracts, platform vision constraints.","new IA, guided flows, beginner-safe controls",Frontend Engineer (UX),Product Manager; QA Engineer; Security Engineer; DevOps Engineer,P1,5,2.5,FRI-PLAT-104; EPIC-RUN + EPIC-ACC APIs stable,UI flow complete; unsupported actions hidden; inline help + defaults provided.,Component tests + accessibility smoke + UX script validation.,Task completion time reduced by 30%; first-run success > 85%; critical UX dead-end rate < 1%.,UI exposes unsafe operations.,Capability gating and policy-based button states.,2026-Q2,Planned
FRI-PLAT-106,EPIC-UIX,UIX,Non-Builder Product UX,Phase-3 Governance (Weeks 9-12),Platform,Security and Permission Model,Non-Builder Product UX — Security and Permission Model,Deliver a no-code conversational control center with one-click operations.,"chat-first workspace, buttonized commands, workflow/skill/task side panels","Implement permission boundaries, secret handling, and policy enforcement for this stream.","Current Friday codebase, existing API/runtime contracts, platform vision constraints.","new IA, guided flows, beginner-safe controls",Security Engineer,Product Manager; QA Engineer; Security Engineer; DevOps Engineer,P0,5,2.5,FRI-PLAT-105,Least-privilege model enforced; denied operations are explicit and audited.,RBAC matrix tests + penetration checklist + negative tests.,Task completion time reduced by 30%; first-run success > 85%; critical UX dead-end rate < 1%.,Privilege escalation or data leakage.,Deny-by-default policy and scoped credentials.,2026-Q2,Planned
FRI-PLAT-107,EPIC-UIX,UIX,Non-Builder Product UX,Phase-3 Governance (Weeks 9-12),Platform,"Migration, Backfill, and Compatibility","Non-Builder Product UX — Migration, Backfill, and Compatibility",Deliver a no-code conversational control center with one-click operations.,"chat-first workspace, buttonized commands, workflow/skill/task side panels","Deliver migration scripts, data backfill logic, and compatibility window strategy.","Current Friday codebase, existing API/runtime contracts, platform vision constraints.","new IA, guided flows, beginner-safe controls",Backend Engineer (Platform),Product Manager; QA Engineer; Security Engineer; DevOps Engineer,P1,5,2.5,FRI-PLAT-106,Zero-loss migration dry run; rollback path documented and tested.,Migration chain tests + rollback simulation in staging.,Task completion time reduced by 30%; first-run success > 85%; critical UX dead-end rate < 1%.,Data corruption during upgrade.,Transactional migration + checksums + backup gate.,2026-Q2,Planned
FRI-PLAT-108,EPIC-UIX,UIX,Non-Builder Product UX,Phase-4 Validation (Weeks 13-16),Platform,Automated Test Matrix,Non-Builder Product UX — Automated Test Matrix,Deliver a no-code conversational control center with one-click operations.,"chat-first workspace, buttonized commands, workflow/skill/task side panels",Build comprehensive unit/integration/e2e suites for critical paths and edge cases.,"Current Friday codebase, existing API/runtime contracts, platform vision constraints.","new IA, guided flows, beginner-safe controls",QA Automation Engineer,Product Manager; QA Engineer; Security Engineer; DevOps Engineer,P1,8,4.0,FRI-PLAT-107,Coverage target met for critical modules; flaky test budget under threshold.,CI matrix green across macOS/Linux + sqlite snapshots.,Task completion time reduced by 30%; first-run success > 85%; critical UX dead-end rate < 1%.,False confidence due to shallow tests.,Property tests and adversarial scenario suites.,2026-Q2,Planned
FRI-PLAT-109,EPIC-UIX,UIX,Non-Builder Product UX,Phase-5 Beta Rollout (Weeks 17-20),Platform,Beta Rollout and Telemetry,Non-Builder Product UX — Beta Rollout and Telemetry,Deliver a no-code conversational control center with one-click operations.,"chat-first workspace, buttonized commands, workflow/skill/task side panels","Ship behind feature flag, collect telemetry, and run controlled beta with acceptance gates.","Current Friday codebase, existing API/runtime contracts, platform vision constraints.","new IA, guided flows, beginner-safe controls",DevOps/SRE Engineer,Product Manager; QA Engineer; Security Engineer; DevOps Engineer,P1,5,2.5,FRI-PLAT-108; EPIC-RUN + EPIC-ACC APIs stable,Beta metrics dashboard active; SLO and error budget monitored daily.,Synthetic probes + canary tests + weekly beta triage log.,Task completion time reduced by 30%; first-run success > 85%; critical UX dead-end rate < 1%.,Silent production failures.,Canary rollout + automatic rollback thresholds.,2026-Q2,Planned
FRI-PLAT-110,EPIC-UIX,UIX,Non-Builder Product UX,Phase-6 Launch Readiness (Weeks 21-24),Platform,Launch Runbook and Handover,Non-Builder Product UX — Launch Runbook and Handover,Deliver a no-code conversational control center with one-click operations.,"chat-first workspace, buttonized commands, workflow/skill/task side panels","Prepare production launch checklist, support playbooks, and ownership handover.","Current Friday codebase, existing API/runtime contracts, platform vision constraints.","new IA, guided flows, beginner-safe controls",Release Manager,Product Manager; QA Engineer; Security Engineer; DevOps Engineer,P1,3,1.5,FRI-PLAT-109,Runbook published; on-call training complete; launch gates automated.,Game-day simulation + incident drill + go/no-go checklist pass.,Task completion time reduced by 30%; first-run success > 85%; critical UX dead-end rate < 1%.,Operational unpreparedness at launch.,Runbook automation and escalation tree validation.,2026-Q2,Planned
FRI-PLAT-111,EPIC-OBS,OBS,"Observability, Audit, and Ops",Phase-1 Foundations (Weeks 1-4),Platform,Product/Architecture Spec,"Observability, Audit, and Ops — Product/Architecture Spec","Provide full traceability, SLO monitoring, and incident-ready operations.","audit/event models, dashboards, alerting, runbook automation",Define product and technical contract for this workstream with edge cases and out-of-scope boundaries.,"Current Friday codebase, existing API/runtime contracts, platform vision constraints.","audit APIs, telemetry dashboards, on-call runbooks",Principal Engineer,Product Manager; QA Engineer; Security Engineer; DevOps Engineer,P0,3,1.5,none,"Architecture RFC, sequence diagrams, explicit NFRs approved.",Design review checklist passed; architecture doc lint + peer review complete.,Trace completeness > 99%; alert MTTD < 5 min; audit query p95 < 500ms.,Architecture drift after implementation.,Weekly design-review gate + ADR updates.,2026-Q2,Planned
FRI-PLAT-112,EPIC-OBS,OBS,"Observability, Audit, and Ops",Phase-1 Foundations (Weeks 1-4),Platform,Domain Model and Data Contract,"Observability, Audit, and Ops — Domain Model and Data Contract","Provide full traceability, SLO monitoring, and incident-ready operations.","audit/event models, dashboards, alerting, runbook automation","Define canonical entities, schemas, and persistence layout with versioning strategy.","Current Friday codebase, existing API/runtime contracts, platform vision constraints.","audit APIs, telemetry dashboards, on-call runbooks",Backend Engineer (Data),Product Manager; QA Engineer; Security Engineer; DevOps Engineer,P0,5,2.5,FRI-PLAT-111,Schema package merged; migration plan approved; backward compatibility documented.,Schema contract tests and migration dry-run against snapshot DB.,Trace completeness > 99%; alert MTTD < 5 min; audit query p95 < 500ms.,Breaking schema evolution.,Introduce versioned schema and compatibility tests.,2026-Q2,Planned
FRI-PLAT-113,EPIC-OBS,OBS,"Observability, Audit, and Ops",Phase-1 Foundations (Weeks 1-4),Platform,API and SDK Contract,"Observability, Audit, and Ops — API and SDK Contract","Provide full traceability, SLO monitoring, and incident-ready operations.","audit/event models, dashboards, alerting, runbook automation",Define external/internal APIs and SDK methods including error model and idempotency keys.,"Current Friday codebase, existing API/runtime contracts, platform vision constraints.","audit APIs, telemetry dashboards, on-call runbooks",Backend Engineer (API),Product Manager; QA Engineer; Security Engineer; DevOps Engineer,P0,5,2.5,FRI-PLAT-112,OpenAPI/TS types generated; standardized error codes and retry hints present.,Contract tests and SDK compile checks pass in CI.,Trace completeness > 99%; alert MTTD < 5 min; audit query p95 < 500ms.,Inconsistent API behavior across modules.,Contract-first generation + shared validator middleware.,2026-Q2,Planned
FRI-PLAT-114,EPIC-OBS,OBS,"Observability, Audit, and Ops",Phase-2 Runtime Hardening (Weeks 5-8),Platform,Core Runtime Implementation,"Observability, Audit, and Ops — Core Runtime Implementation","Provide full traceability, SLO monitoring, and incident-ready operations.","audit/event models, dashboards, alerting, runbook automation",Build core runtime logic and integration with existing Friday modules.,"Current Friday codebase, existing API/runtime contracts, platform vision constraints.","audit APIs, telemetry dashboards, on-call runbooks",Backend Engineer (Runtime),Product Manager; QA Engineer; Security Engineer; DevOps Engineer,P0,8,4.0,FRI-PLAT-113,Core path implemented with deterministic state transitions and rollback safety.,Unit tests for state machine transitions and failure paths.,Trace completeness > 99%; alert MTTD < 5 min; audit query p95 < 500ms.,Runtime regressions under concurrency.,Feature flags + dark launch before default enable.,2026-Q2,Planned
FRI-PLAT-115,EPIC-OBS,OBS,"Observability, Audit, and Ops",Phase-2 Runtime Hardening (Weeks 5-8),Platform,UI and Operator Controls,"Observability, Audit, and Ops — UI and Operator Controls","Provide full traceability, SLO monitoring, and incident-ready operations.","audit/event models, dashboards, alerting, runbook automation",Add operator-facing controls and views with beginner-friendly defaults and safe guardrails.,"Current Friday codebase, existing API/runtime contracts, platform vision constraints.","audit APIs, telemetry dashboards, on-call runbooks",Frontend Engineer (UX),Product Manager; QA Engineer; Security Engineer; DevOps Engineer,P1,5,2.5,FRI-PLAT-114,UI flow complete; unsupported actions hidden; inline help + defaults provided.,Component tests + accessibility smoke + UX script validation.,Trace completeness > 99%; alert MTTD < 5 min; audit query p95 < 500ms.,UI exposes unsafe operations.,Capability gating and policy-based button states.,2026-Q2,Planned
FRI-PLAT-116,EPIC-OBS,OBS,"Observability, Audit, and Ops",Phase-3 Governance (Weeks 9-12),Platform,Security and Permission Model,"Observability, Audit, and Ops — Security and Permission Model","Provide full traceability, SLO monitoring, and incident-ready operations.","audit/event models, dashboards, alerting, runbook automation","Implement permission boundaries, secret handling, and policy enforcement for this stream.","Current Friday codebase, existing API/runtime contracts, platform vision constraints.","audit APIs, telemetry dashboards, on-call runbooks",Security Engineer,Product Manager; QA Engineer; Security Engineer; DevOps Engineer,P0,5,2.5,FRI-PLAT-115,Least-privilege model enforced; denied operations are explicit and audited.,RBAC matrix tests + penetration checklist + negative tests.,Trace completeness > 99%; alert MTTD < 5 min; audit query p95 < 500ms.,Privilege escalation or data leakage.,Deny-by-default policy and scoped credentials.,2026-Q2,Planned
FRI-PLAT-117,EPIC-OBS,OBS,"Observability, Audit, and Ops",Phase-3 Governance (Weeks 9-12),Platform,"Migration, Backfill, and Compatibility","Observability, Audit, and Ops — Migration, Backfill, and Compatibility","Provide full traceability, SLO monitoring, and incident-ready operations.","audit/event models, dashboards, alerting, runbook automation","Deliver migration scripts, data backfill logic, and compatibility window strategy.","Current Friday codebase, existing API/runtime contracts, platform vision constraints.","audit APIs, telemetry dashboards, on-call runbooks",Backend Engineer (Platform),Product Manager; QA Engineer; Security Engineer; DevOps Engineer,P1,5,2.5,FRI-PLAT-116,Zero-loss migration dry run; rollback path documented and tested.,Migration chain tests + rollback simulation in staging.,Trace completeness > 99%; alert MTTD < 5 min; audit query p95 < 500ms.,Data corruption during upgrade.,Transactional migration + checksums + backup gate.,2026-Q2,Planned
FRI-PLAT-118,EPIC-OBS,OBS,"Observability, Audit, and Ops",Phase-4 Validation (Weeks 13-16),Platform,Automated Test Matrix,"Observability, Audit, and Ops — Automated Test Matrix","Provide full traceability, SLO monitoring, and incident-ready operations.","audit/event models, dashboards, alerting, runbook automation",Build comprehensive unit/integration/e2e suites for critical paths and edge cases.,"Current Friday codebase, existing API/runtime contracts, platform vision constraints.","audit APIs, telemetry dashboards, on-call runbooks",QA Automation Engineer,Product Manager; QA Engineer; Security Engineer; DevOps Engineer,P1,8,4.0,FRI-PLAT-117,Coverage target met for critical modules; flaky test budget under threshold.,CI matrix green across macOS/Linux + sqlite snapshots.,Trace completeness > 99%; alert MTTD < 5 min; audit query p95 < 500ms.,False confidence due to shallow tests.,Property tests and adversarial scenario suites.,2026-Q2,Planned
FRI-PLAT-119,EPIC-OBS,OBS,"Observability, Audit, and Ops",Phase-5 Beta Rollout (Weeks 17-20),Platform,Beta Rollout and Telemetry,"Observability, Audit, and Ops — Beta Rollout and Telemetry","Provide full traceability, SLO monitoring, and incident-ready operations.","audit/event models, dashboards, alerting, runbook automation","Ship behind feature flag, collect telemetry, and run controlled beta with acceptance gates.","Current Friday codebase, existing API/runtime contracts, platform vision constraints.","audit APIs, telemetry dashboards, on-call runbooks",DevOps/SRE Engineer,Product Manager; QA Engineer; Security Engineer; DevOps Engineer,P1,5,2.5,FRI-PLAT-118,Beta metrics dashboard active; SLO and error budget monitored daily.,Synthetic probes + canary tests + weekly beta triage log.,Trace completeness > 99%; alert MTTD < 5 min; audit query p95 < 500ms.,Silent production failures.,Canary rollout + automatic rollback thresholds.,2026-Q2,Planned
FRI-PLAT-120,EPIC-OBS,OBS,"Observability, Audit, and Ops",Phase-6 Launch Readiness (Weeks 21-24),Platform,Launch Runbook and Handover,"Observability, Audit, and Ops — Launch Runbook and Handover","Provide full traceability, SLO monitoring, and incident-ready operations.","audit/event models, dashboards, alerting, runbook automation","Prepare production launch checklist, support playbooks, and ownership handover.","Current Friday codebase, existing API/runtime contracts, platform vision constraints.","audit APIs, telemetry dashboards, on-call runbooks",Release Manager,Product Manager; QA Engineer; Security Engineer; DevOps Engineer,P1,3,1.5,FRI-PLAT-119,Runbook published; on-call training complete; launch gates automated.,Game-day simulation + incident drill + go/no-go checklist pass.,Trace completeness > 99%; alert MTTD < 5 min; audit query p95 < 500ms.,Operational unpreparedness at launch.,Runbook automation and escalation tree validation.,2026-Q2,Planned
FRI-PLAT-901,EPIC-CROSS,XPR,Cross-Program,Phase-6 Launch Readiness (Weeks 21-24),Product,Product Positioning & Pricing,Cross-Program — Product Positioning & Pricing,Ensure Friday platform is commercially and operationally launch-ready.,"Go-to-market, compliance, DX, and ecosystem operations.","Define SKU matrix for Builder, Operator, Marketplace Creator, Enterprise tenant.","Platform architecture, usage telemetry, legal requirements, beta feedback.","Launch playbook, commercial policy, onboarding assets, governance controls.",PM + Finance + Legal,Engineering Lead; Security; QA; Operations,P1,8,4.0,EPIC-MKT + EPIC-PKG,Pricing model approved; feature gates mapped; legal/compliance review signed.,Pilot rollout with internal/external users + checklist sign-off.,Launch blocker count = 0; pilot satisfaction > 8/10; incident severity 0 in first 2 weeks.,Commercial/operational gaps at launch.,Readiness gate with mandatory exec sign-off and rollback plan.,2026-Q4,Planned
FRI-PLAT-902,EPIC-CROSS,XPR,Cross-Program,Phase-6 Launch Readiness (Weeks 21-24),Product,Data Governance,Cross-Program — Data Governance,Ensure Friday platform is commercially and operationally launch-ready.,"Go-to-market, compliance, DX, and ecosystem operations.","Define data retention, deletion, regional storage, and audit export policies.","Platform architecture, usage telemetry, legal requirements, beta feedback.","Launch playbook, commercial policy, onboarding assets, governance controls.",Security + Compliance,Engineering Lead; Security; QA; Operations,P0,8,4.0,EPIC-SEC + EPIC-OBS,Policy docs and enforcement toggles implemented for all persisted objects.,Pilot rollout with internal/external users + checklist sign-off.,Launch blocker count = 0; pilot satisfaction > 8/10; incident severity 0 in first 2 weeks.,Commercial/operational gaps at launch.,Readiness gate with mandatory exec sign-off and rollback plan.,2026-Q4,Planned
FRI-PLAT-903,EPIC-CROSS,XPR,Cross-Program,Phase-6 Launch Readiness (Weeks 21-24),Product,Developer Platform,Cross-Program — Developer Platform,Ensure Friday platform is commercially and operationally launch-ready.,"Go-to-market, compliance, DX, and ecosystem operations.",Ship CLI/SDK templates for agent package creation and testing.,"Platform architecture, usage telemetry, legal requirements, beta feedback.","Launch playbook, commercial policy, onboarding assets, governance controls.",Developer Relations,Engineering Lead; Security; QA; Operations,P2,5,2.5,EPIC-PKG,Template repo released; 3 reference packages published; docs validated by external trial.,Pilot rollout with internal/external users + checklist sign-off.,Launch blocker count = 0; pilot satisfaction > 8/10; incident severity 0 in first 2 weeks.,Commercial/operational gaps at launch.,Readiness gate with mandatory exec sign-off and rollback plan.,2026-Q4,Planned
FRI-PLAT-904,EPIC-CROSS,XPR,Cross-Program,Phase-6 Launch Readiness (Weeks 21-24),Product,Ecosystem Program,Cross-Program — Ecosystem Program,Ensure Friday platform is commercially and operationally launch-ready.,"Go-to-market, compliance, DX, and ecosystem operations.","Launch creator onboarding, certification rubric, and trust badges.","Platform architecture, usage telemetry, legal requirements, beta feedback.","Launch playbook, commercial policy, onboarding assets, governance controls.",Marketplace PM,Engineering Lead; Security; QA; Operations,P2,5,2.5,EPIC-MKT + EPIC-ACC,Creator onboarding funnel live; certification automation integrated into publish flow.,Pilot rollout with internal/external users + checklist sign-off.,Launch blocker count = 0; pilot satisfaction > 8/10; incident severity 0 in first 2 weeks.,Commercial/operational gaps at launch.,Readiness gate with mandatory exec sign-off and rollback plan.,2026-Q4,Planned
